Time (s),Freq. (MHz),Force (kN)
0.002475,0.0,-2.7323777383258094
0.00495,0.0,-2.6296696839169003
0.007425000000000001,0.0,-2.768528914907775
0.0099,0.0,-2.743291764932293
0.012375,0.0,-2.6390299491143283
0.01485,0.0,-2.6950128905166055
0.017325,0.0,-2.5993737949234084
0.0198,0.0,-2.622093458058893
0.022275000000000003,0.0,-2.7633152914455152
0.024750000000000005,0.0,-2.608334146846775
0.027225000000000006,0.0,-2.706688227433774
0.029700000000000008,0.0,-2.6325149685225275
0.03217500000000001,0.0,-2.6386947758989714
0.03465000000000001,0.0,-2.6570194904918334
0.037125000000000005,0.0,-2.7618492159387467
0.0396,0.0,-2.620790461940534
0.042075,0.0,-2.67265052694566
0.04455,0.0,-2.744184194349212
0.047025,0.0,-2.6844209252148503
0.049499999999999995,0.0,-2.627792222214283
0.05197499999999999,0.0,-2.609882991289345
0.05444999999999999,0.0,-2.6447983702949074
0.05692499999999999,0.0,-2.747195016826475
0.05939999999999999,0.0,-2.7274943711124138
0.061874999999999986,0.0,-2.5714478837753902
0.06434999999999999,0.0,-2.65571895285671
0.066825,0.0,-2.729847139575183
0.0693,0.0,-2.6174469247311487
0.071775,0.0,-2.7704825895909004
0.07425000000000001,0.0,-2.6856411523973907
0.07672500000000002,0.0,-2.598889473724703
0.07920000000000002,0.0,-2.7344109039671016
0.08167500000000003,0.0,-2.6303982144509925
0.08415000000000003,0.0,-2.6212010286419747
0.08662500000000004,0.0,-2.621524728935528
0.08910000000000004,0.0,-2.7000912974005553
0.09157500000000005,0.0,-2.6447270742808926
0.09405000000000005,0.0,-2.6484746222364
0.09652500000000006,0.0,-2.572834468323992
0.09900000000000006,0.0,-2.6190801770983794
0.10147500000000007,0.0,-2.7329456479547494
0.10395000000000007,0.0,-2.6207109709823677
0.10642500000000008,0.0,-2.7257791693037734
0.10890000000000008,0.0,-2.7443439957599463
0.11137500000000009,0.0,-2.6523836105914755
0.11385000000000009,0.0,-2.7000585176239946
0.1163250000000001,0.0,-2.6849896543382075
0.1188000000000001,0.0,-2.634715311024282
0.1212750000000001,0.0,-2.750127987334413
0.12375000000000011,0.0,-2.617370711750649
0.12622500000000011,0.0,-2.6303973949565833
0.12870000000000012,0.0,-2.733025958407325
0.13117500000000012,0.0,-2.648395950772658
0.13365000000000013,0.0,-2.723990212997876
0.13612500000000013,0.0,-2.714141529129675
0.13860000000000014,0.0,-2.6547380180430786
0.14107500000000014,0.0,-2.740358794424371
0.14355000000000015,0.0,-2.724962952867362
0.14602500000000015,0.0,-2.7254521910325606
0.14850000000000016,0.0,-2.634871834457365
0.15097500000000016,0.0,-2.647411737981368
0.15345000000000017,0.0,-2.6549830468728826
0.15592500000000017,0.0,-2.6194882853165766
0.15840000000000018,0.0,-2.699851185537245
0.16087500000000018,0.0,-2.735388560803073
0.1633500000000002,0.0,-2.629578720036946
0.1658250000000002,0.0,-2.7760166353690625
0.1683000000000002,0.0,-2.625679565614832
0.1707750000000002,0.0,-2.749885416987844
0.1732500000000002,0.0,-2.7188544415049414
0.17572500000000021,0.0,-2.6077613202513494
0.17820000000000022,0.0,-2.6046644508606085
0.18067500000000022,0.0,-2.63438997174191
0.18315000000000023,0.0,-2.7022482066983784
0.18562500000000023,0.0,-2.609634684481891
0.18810000000000024,0.0,-2.6798973160492277
0.19057500000000024,0.0,-2.695166955466447
0.19305000000000025,0.0,-2.594079041514164
0.19552500000000025,0.0,-2.664428539489371
0.19800000000000026,0.0,-2.6457809440973716
0.20047500000000026,0.0,-2.6515641161774215
0.20295000000000027,0.0,-2.7146660055546756
0.20542500000000027,0.0,-2.658165143682692
0.20790000000000028,0.0,-2.6572628803328033
0.21037500000000028,0.0,-2.649696488407758
0.2128500000000003,0.0,-2.670824693391142
0.2153250000000003,0.0,-2.6455432907172955
0.2178000000000003,0.0,-2.7020925027597036
0.2202750000000003,0.0,-2.6145237881561965
0.2227500000000003,0.0,-2.6385308770161604
0.2252250000000003,0.0,-2.754524574865853
0.22770000000000032,0.0,-2.604830808226654
0.23017500000000032,0.0,-2.637803985470886
0.23265000000000033,0.0,-2.64350848608717
0.23512500000000033,0.0,-2.670180570781678
0.23760000000000034,0.0,-2.719028174320722
0.24007500000000034,0.0,-2.6391086205780785
0.24255000000000035,0.0,-2.64830744537593
0.24502500000000035,0.0,-2.7379929140509724
0.24750000000000036,0.0,-2.6615742404451908
0.24997500000000036,0.0,-2.686332805682862
0.25245000000000034,0.0,-2.6614185365065164
0.25492500000000035,0.0,-2.72806064175252
0.25740000000000035,0.0,-2.7729238634503894
0.25987500000000036,0.0,-2.7215481196439613
0.26235000000000036,0.0,-2.6297442579085826
0.26482500000000037,0.0,-2.6724087760935156
0.26730000000000037,0.0,-2.7196763944022377
0.2697750000000004,0.0,-2.618829411807674
0.2722500000000004,0.0,-2.714379182509743
0.2747250000000004,0.0,-2.6792892511939836
0.2772000000000004,0.0,-2.7320499405601795
0.2796750000000004,0.0,-2.7232567654972915
0.2821500000000004,0.0,-2.6907679094517722
0.2846250000000004,0.0,-2.660276980787734
0.2871000000000004,0.0,-2.6655684562193356
0.2895750000000004,0.0,-2.649859567796176
0.2920500000000004,0.0,-2.6231497863586144
0.2945250000000004,0.0,-2.6699257080189125
0.29700000000000043,0.0,-2.702169535234628
0.29947500000000044,0.0,-2.666626423507899
0.30195000000000044,0.0,-2.646439817606282
0.30442500000000045,0.0,-2.61312900866345
0.30690000000000045,0.0,-2.6366689857074066
0.30937500000000046,0.0,-2.6873473397674696
0.31185000000000046,0.0,-2.607680190304357
0.31432500000000047,0.0,-2.732705536091439
0.31680000000000047,0.0,-2.7367767843404915
0.3192750000000005,0.0,-2.6960626628610247
0.3217500000000005,0.0,-2.614603279114347
0.3242250000000005,0.0,-2.683848098619425
0.3267000000000005,0.0,-2.704855837923921
0.3291750000000005,0.0,-2.6606842695115227
0.3316500000000005,0.0,-2.634223614375841
0.3341250000000005,0.0,-2.6371492094340514
0.3366000000000005,0.0,-2.6270579552192896
0.3390750000000005,0.0,-2.6973672979682086
0.3415500000000005,0.0,-2.7314787529535884
0.3440250000000005,0.0,-2.73246296574487
0.34650000000000053,0.0,-2.6495325895249553
0.34897500000000053,0.0,-2.6119128789529946
0.35145000000000054,0.0,-2.635277484192328
0.35392500000000054,0.0,-2.7056712348659153
0.35640000000000055,0.0,-2.632025730357338
0.35887500000000055,0.0,-2.7171490736292707
0.36135000000000056,0.0,-2.702741542335645
0.36382500000000056,0.0,-2.6194882853165926
0.36630000000000057,0.0,-2.6224146998691964
0.3687750000000006,0.0,-2.654583133598829
0.3712500000000006,0.0,-2.6921938297322368
0.3737250000000006,0.0,-2.6601999483128176
0.3762000000000006,0.0,-2.5752003486973907
0.3786750000000006,0.0,-2.658070901825078
0.3811500000000006,0.0,-2.7165385502908084
0.3836250000000006,0.0,-2.716985994240877
0.3861000000000006,0.0,-2.6418776922031975
0.3885750000000006,0.0,-2.7283892590125665
0.3910500000000006,0.0,-2.620790461940534
0.3935250000000006,0.0,-2.650913437612647
0.39600000000000063,0.0,-2.6283625903264656
0.39847500000000063,0.0,-2.6084923092686916
0.40095000000000064,0.0,-2.6197234802134184
0.40342500000000064,0.0,-2.59702020696623
0.40590000000000065,0.0,-2.6277110922672904
0.40837500000000065,0.0,-2.597587297100753
0.41085000000000066,0.0,-2.6419653781055006
0.41332500000000066,0.0,-2.680062853920864
0.41580000000000067,0.0,-2.660360569217969
0.4182750000000007,0.0,-2.768851795706912
0.4207500000000007,0.0,-2.5834198776704453
0.4232250000000007,0.0,-2.6493670516533108
0.4257000000000007,0.0,-2.7083608155328758
0.4281750000000007,0.0,-2.6357700003351776
0.4306500000000007,0.0,-2.713571161017468
0.4331250000000007,0.0,-2.6435068470983523
0.4356000000000007,0.0,-2.7226872168795175
0.4380750000000007,0.0,-2.7237410866960046
0.4405500000000007,0.0,-2.635772458818428
0.4430250000000007,0.0,-2.6415482554487424
0.44550000000000073,0.0,-2.6380522922783487
0.44797500000000073,0.0,-2.7634767318450755
0.45045000000000074,0.0,-2.700543658317125
0.45292500000000074,0.0,-2.6533547114721445
0.45540000000000075,0.0,-2.7078674798956013
0.45787500000000075,0.0,-2.644076395716126
0.46035000000000076,0.0,-2.6174526611920426
0.46282500000000076,0.0,-2.676237453996024
0.46530000000000077,0.0,-2.6707025887234446
0.4677750000000008,0.0,-2.7002986294873215
0.4702500000000008,0.0,-2.644811482205528
0.4727250000000008,0.0,-2.7585950036204974
0.4752000000000008,0.0,-2.589939775228715
0.4776750000000008,0.0,-2.616715935713806
0.4801500000000008,0.0,-2.633249235517529
0.4826250000000008,0.0,-2.6437543344113985
0.4851000000000008,0.0,-2.687266209820485
0.4875750000000008,0.0,-2.7406833142123332
0.4900500000000008,0.0,-2.66125299863488
0.4925250000000008,0.0,-2.6717564585399236
0.49500000000000083,0.0,-2.6135444923313833
0.49747500000000083,0.0,-2.612729914883806
0.49995000000000084,0.0,-2.613708391214202
0.5024250000000008,0.0,-2.6201430613534193
0.5049000000000008,0.0,-2.584392617539932
0.5073750000000008,0.0,-2.6186720688801737
0.5098500000000008,0.0,-2.663454160631051
0.5123250000000008,0.0,-2.6427725801033426
0.5148000000000008,0.0,-2.645789139041508
0.5172750000000008,0.0,-2.668627628867031
0.5197500000000008,0.0,-2.6234021906381453
0.5222250000000008,0.0,-2.654577397137927
0.5247000000000008,0.0,-2.6030418519207563
0.5271750000000008,0.0,-2.609553554534906
0.5296500000000008,0.0,-2.5977470985115043
0.5321250000000008,0.0,-2.643102836352215
0.5346000000000009,0.0,-2.634389971741902
0.5370750000000009,0.0,-2.616800343638458
0.5395500000000009,0.0,-2.6507528167074876
0.5420250000000009,0.0,-2.6670812429076944
0.5445000000000009,0.0,-2.62950004857318
0.5469750000000009,0.0,-2.647496965400421
0.5494500000000009,0.0,-2.630645701764046
0.5519250000000009,0.0,-2.7261864580275703
0.5544000000000009,0.0,-2.632758358363505
0.5568750000000009,0.0,-2.621033032287104
0.5593500000000009,0.0,-2.670700130240202
0.5618250000000009,0.0,-2.715115907987979
0.5643000000000009,0.0,-2.6113416913463867
0.5667750000000009,0.0,-2.6389479996729186
0.5692500000000009,0.0,-2.661340684537191
0.5717250000000009,0.0,-2.6690709753450474
0.5742000000000009,0.0,-2.638943902200851
0.5766750000000009,0.0,-2.6408230028922937
0.5791500000000009,0.0,-2.6632058538235803
0.581625000000001,0.0,-2.6433421287211245
0.584100000000001,0.0,-2.666182257535473
0.586575000000001,0.0,-2.5852096534707516
0.589050000000001,0.0,-2.55760580362747
0.591525000000001,0.0,-2.6175346106334594
0.594000000000001,0.0,-2.619327664411425
0.596475000000001,0.0,-2.720328711955838
0.598950000000001,0.0,-2.682097658550982
0.601425000000001,0.0,-2.648223856945695
0.603900000000001,0.0,-2.6951735114217654
0.606375000000001,0.0,-2.62624501676053
0.608850000000001,0.0,-2.678030507773997
0.611325000000001,0.0,-2.6161496650736917
0.613800000000001,0.0,-2.645948940452259
0.616275000000001,0.0,-2.6651611674955467
0.618750000000001,0.0,-2.6524606430664
0.621225000000001,0.0,-2.674647634832732
0.623700000000001,0.0,-2.643989529308232
0.626175000000001,0.0,-2.7204123003860734
0.628650000000001,0.0,-2.6519779608565126
0.631125000000001,0.0,-2.65474129602073
0.633600000000001,0.0,-2.622499107793856
0.6360750000000011,0.0,-2.6313775102758052
0.6385500000000011,0.0,-2.690446667641461
0.6410250000000011,0.0,-2.7300962658770547
0.6435000000000011,0.0,-2.6347997189489334
0.6459750000000011,0.0,-2.6443214245459292
0.6484500000000011,0.0,-2.735554918169134
0.6509250000000011,0.0,-2.720254137964164
0.6534000000000011,0.0,-2.6549879638393756
0.6558750000000011,0.0,-2.626086854338621
0.6583500000000011,0.0,-2.6407410534508844
0.6608250000000011,0.0,-2.629583637003431
0.6633000000000011,0.0,-2.6308063226692058
0.6657750000000011,0.0,-2.6176976900218536
0.6682500000000011,0.0,-2.682546741489884
0.6707250000000011,0.0,-2.645705550611273
0.6732000000000011,0.0,-2.604018689262319
0.6756750000000011,0.0,-2.6566941512094546
0.6781500000000011,0.0,-2.614273842359908
0.6806250000000011,0.0,-2.614361528262203
0.6831000000000012,0.0,-2.720819589109862
0.6855750000000012,0.0,-2.5792658604855503
0.6880500000000012,0.0,-2.6299884672439773
0.6905250000000012,0.0,-2.7059187221789696
0.6930000000000012,0.0,-2.641712154331553
0.6954750000000012,0.0,-2.6376441840601514
0.6979500000000012,0.0,-2.7835928612270697
0.7004250000000012,0.0,-2.5850416571158727
0.7029000000000012,0.0,-2.6392716999664803
0.7053750000000012,0.0,-2.7133318686485826
0.7078500000000012,0.0,-2.6983842905360675
0.7103250000000012,0.0,-2.5956311639343856
0.7128000000000012,0.0,-2.6334098564226807
0.7152750000000012,0.0,-2.7084386675022087
0.7177500000000012,0.0,-2.6024706643141573
0.7202250000000012,0.0,-2.6615799769060926
0.7227000000000012,0.0,-2.6622257385043824
0.7251750000000012,0.0,-2.6550756497416703
0.7276500000000012,0.0,-2.6428537100503435
0.7301250000000012,0.0,-2.7079494293370026
0.7326000000000013,0.0,-2.6214378625276415
0.7350750000000013,0.0,-2.716255824717951
0.7375500000000013,0.0,-2.679569518283606
0.7400250000000013,0.0,-2.630638326314327
0.7425000000000013,0.0,-2.629014088385649
0.7449750000000013,0.0,-2.6457022726336215
0.7474500000000013,0.0,-2.7841583123727838
0.7499250000000013,0.0,-2.5886294036606454
0.7524000000000013,0.0,-2.730826435399988
0.7548750000000013,0.0,-2.7680429547202285
0.7573500000000013,0.0,-2.648880271971355
0.7598250000000013,0.0,-2.5901749701255565
0.7623000000000013,0.0,-2.7520792035342874
0.7647750000000013,0.0,-2.7341625971596386
0.7672500000000013,0.0,-2.6083366053300168
0.7697250000000013,0.0,-2.7365309360162797
0.7722000000000013,0.0,-2.705747447846415
0.7746750000000013,0.0,-2.597424217712351
0.7771500000000013,0.0,-2.6230670174227964
0.7796250000000013,0.0,-2.622009050134241
0.7821000000000013,0.0,-2.7311599696265194
0.7845750000000014,0.0,-2.728389259012575
0.7870500000000014,0.0,-2.6384604004965544
0.7895250000000014,0.0,-2.760549497798047
0.7920000000000014,0.0,-2.7380748634923737
0.7944750000000014,0.0,-2.6216853498406794
0.7969500000000014,0.0,-2.7281483276548233
0.7994250000000014,0.0,-2.7379994700062746
0.8019000000000014,0.0,-2.6378080829429624
0.8043750000000014,0.0,-2.651808325512808
0.8068500000000014,0.0,-2.6376433645657427
0.8093250000000014,0.0,-2.6178624083990814
0.8118000000000014,0.0,-2.7550121740422178
0.8142750000000014,0.0,-2.6286067996618603
0.8167500000000014,0.0,-2.774714458745121
0.8192250000000014,0.0,-2.756716722423471
0.8217000000000014,0.0,-2.7144660489176373
0.8241750000000014,0.0,-2.6261630673191285
0.8266500000000014,0.0,-2.6862942894453914
0.8291250000000014,0.0,-2.6942671505998086
0.8316000000000014,0.0,-2.699325889617819
0.8340750000000015,0.0,-2.736860372770727
0.8365500000000015,0.0,-2.623313685241434
0.8390250000000015,0.0,-2.6221762269947035
0.8415000000000015,0.0,-2.7085222559324356
0.8439750000000015,0.0,-2.6958168145368044
0.8464500000000015,0.0,-2.7226872168795175
0.8489250000000015,0.0,-2.6700494516754274
0.8514000000000015,0.0,-2.6207068735102994
0.8538750000000015,0.0,-2.7403604334131964
0.8563500000000015,0.0,-2.6214403210108843
0.8588250000000015,0.0,-2.6454662582423714
0.8613000000000015,0.0,-2.701681936058256
0.8637750000000015,0.0,-2.6281183809910873
0.8662500000000015,0.0,-2.5799165390503243
0.8687250000000015,0.0,-2.683033521171848
0.8712000000000015,0.0,-2.728874399705689
0.8736750000000015,0.0,-2.6167142967249806
0.8761500000000015,0.0,-2.7315647998670576
0.8786250000000015,0.0,-2.6664715390636324
0.8811000000000015,0.0,-2.6866196287277786
0.8835750000000016,0.0,-2.7342543805340096
0.8860500000000016,0.0,-2.709981775483886
0.8885250000000016,0.0,-2.668494870771955
0.8910000000000016,0.0,-2.702981654198963
0.8934750000000016,0.0,-2.6388660502315093
0.8959500000000016,0.0,-2.6386177434240468
0.8984250000000016,0.0,-2.6351988127285777
0.9009000000000016,0.0,-2.6553100251440953
0.9033750000000016,0.0,-2.616148026084874
0.9058500000000016,0.0,-2.7077904474206766
0.9083250000000016,0.0,-2.6583216671157914
0.9108000000000016,0.0,-2.6230661979283796
0.9132750000000016,0.0,-2.6260852153497956
0.9157500000000016,0.0,-2.658975623658193
0.9182250000000016,0.0,-2.6749319993944227
0.9207000000000016,0.0,-2.6408230028923017
0.9231750000000016,0.0,-2.6380490143006896
0.9256500000000016,0.0,-2.622905577023228
0.9281250000000016,0.0,-2.7208171306266196
0.9306000000000016,0.0,-2.6008390509357517
0.9330750000000017,0.0,-2.602547696789082
0.9355500000000017,0.0,-2.6858878202160357
0.9380250000000017,0.0,-2.6417982012450305
0.9405000000000017,0.0,-2.6737953606421176
0.9429750000000017,0.0,-2.7882279216330024
0.9454500000000017,0.0,-2.6479042541242093
0.9479250000000017,0.0,-2.7199222427264744
0.9504000000000017,0.0,-2.7495567997278054
0.9528750000000017,0.0,-2.7076208120769722
0.9553500000000017,0.0,-2.681042149745661
0.9578250000000017,0.0,-2.6504250189418657
0.9603000000000017,0.0,-2.6428496125782672
0.9627750000000017,0.0,-2.721630069085371
0.9652500000000017,0.0,-2.638943082706442
0.9677250000000017,0.0,-2.5913976557913316
0.9702000000000017,0.0,-2.710470194154659
0.9726750000000017,0.0,-2.6458645325276064
0.9751500000000017,0.0,-2.5975012501872756
0.9776250000000017,0.0,-2.6866983001915368
0.9801000000000017,0.0,-2.64537857234006
0.9825750000000018,0.0,-2.694597406848681
0.9850500000000018,0.0,-2.6084947677519423
0.9875250000000018,0.0,-2.7295275367536975
0.9900000000000018,0.0,-2.627383294501669
0.9924750000000018,0.0,-2.7245605811100586
0.9949500000000018,0.0,-2.6229080355064625
0.9974250000000018,0.0,-2.6599483635276875
0.9999000000000018,0.0,-2.657512006634691
1.0023750000000018,0.0,-2.6438313668863307
1.0048500000000018,0.0,-2.732617030694711
1.0073250000000018,0.0,-2.652790899315264
1.0098000000000018,0.0,-2.651488722691315
1.0122750000000018,0.0,-2.715278167881972
1.0147500000000018,0.0,-2.5979167338552167
1.0172250000000018,0.0,-2.636912375548384
1.0197000000000018,0.0,-2.640500941587574
1.0221750000000018,0.0,-2.702334253611848
1.0246500000000018,0.0,-2.612729914883798
1.0271250000000018,0.0,-2.6814904131901627
1.0296000000000018,0.0,-2.6434257171513513
1.0320750000000019,0.0,-2.596611279253607
1.0345500000000019,0.0,-2.793603804989272
1.0370250000000019,0.0,-2.744994674324721
1.0395000000000019,0.0,-2.6429372984805783
1.0419750000000019,0.0,-2.702373589343727
1.0444500000000019,0.0,-2.589201410761653
1.0469250000000019,0.0,-2.570147346140274
1.0494000000000019,0.0,-2.704370697230791
1.051875000000002,0.0,-2.6960692188163433
1.054350000000002,0.0,-2.642202211991168
1.056825000000002,0.0,-2.7402752059941275
1.059300000000002,0.0,-2.7396237079349444
1.061775000000002,0.0,-2.606052674398036
1.064250000000002,0.0,-2.7092524254553694
1.066725000000002,0.0,-2.7033848454506675
1.069200000000002,0.0,-2.6391913895138885
1.071675000000002,0.0,-2.623228457822373
1.074150000000002,0.0,-2.6662240517505786
1.076625000000002,0.0,-2.6884872564974343
1.079100000000002,0.0,-2.7497936336134647
1.081575000000002,0.0,-2.641876053214364
1.084050000000002,0.0,-2.6448876951860445
1.086525000000002,0.0,-2.6366632492465127
1.089000000000002,0.0,-2.6309710410464255
1.091475000000002,0.0,-2.6647563372549925
1.093950000000002,0.0,-2.601002130324162
1.096425000000002,0.0,-2.639026671136669
1.098900000000002,0.0,-2.646189052315577
1.101375000000002,0.0,-2.6045103859107677
1.103850000000002,0.0,-2.590746157732156
1.106325000000002,0.0,-2.61183584647807
1.108800000000002,0.0,-2.614684409061348
1.111275000000002,0.0,-2.6736265447928216
1.113750000000002,0.0,-2.6439116773389064
1.116225000000002,0.0,-2.6291804457517025
1.118700000000002,0.0,-2.6847823222514573
1.121175000000002,0.0,-2.6484705247643237
1.123650000000002,0.0,-2.6312890048790853
1.126125000000002,0.0,-2.622413060880379
1.128600000000002,0.0,-2.7349804525848755
1.131075000000002,0.0,-2.5780390773477073
1.133550000000002,0.0,-2.7329464674491746
1.136025000000002,0.0,-2.7313197710372625
1.138500000000002,0.0,-2.6186745273634164
1.140975000000002,0.0,-2.596612918242441
1.143450000000002,0.0,-2.6761530460713714
1.145925000000002,0.0,-2.616718394197057
1.148400000000002,0.0,-2.6591419810242463
1.150875000000002,0.0,-2.7120231360693143
1.153350000000002,0.0,-2.6370713574647184
1.155825000000002,0.0,-2.664670290341523
1.158300000000002,0.0,-2.592131922786341
1.160775000000002,0.0,-2.6039326423488496
1.1632500000000021,0.0,-2.631534853203305
1.1657250000000021,0.0,-2.7025719069919236
1.1682000000000021,0.0,-2.636263335972451
1.1706750000000021,0.0,-2.7172343010483395
1.1731500000000021,0.0,-2.769663095176838
1.1756250000000021,0.0,-2.6189957691737353
1.1781000000000021,0.0,-2.7274902736403375
1.1805750000000022,0.0,-2.5863512091895418
1.1830500000000022,0.0,-2.6502635785422894
1.1855250000000022,0.0,-2.5942478573634435
1.1880000000000022,0.0,-2.6536857872154256
1.1904750000000022,0.0,-2.6342277118479167
1.1929500000000022,0.0,-2.6393520104190484
1.1954250000000022,0.0,-2.6392757974385406
1.1979000000000022,0.0,-2.675909656230394
1.2003750000000022,0.0,-2.592213052733326
1.2028500000000022,0.0,-2.652792538304106
1.2053250000000022,0.0,-2.714218561604591
1.2078000000000022,0.0,-2.750371377175383
1.2102750000000022,0.0,-2.6808380956365787
1.2127500000000022,0.0,-2.6415539919096442
1.2152250000000022,0.0,-2.593760258187087
1.2177000000000022,0.0,-2.759491530509492
1.2201750000000022,0.0,-2.657181750385819
1.2226500000000022,0.0,-2.7377585386485475
1.2251250000000022,0.0,-2.6663838531613298
1.2276000000000022,0.0,-2.580241878332704
1.2300750000000022,0.0,-2.698263005362795
1.2325500000000023,0.0,-2.6686645061156673
1.2350250000000023,0.0,-2.613131467146693
1.2375000000000023,0.0,-2.6467667958775034
1.2399750000000023,0.0,-2.614604098608772
1.2424500000000023,0.0,-2.660682630522689
1.2449250000000023,0.0,-2.6597098906532026
1.2474000000000023,0.0,-2.595463987073924
1.2498750000000023,0.0,-2.609311803682746
1.2523500000000023,0.0,-2.5957909653451368
1.2548250000000023,0.0,-2.5920483343560976
1.2573000000000023,0.0,-2.69932507012341
1.2597750000000023,0.0,-2.670865668111839
1.2622500000000023,0.0,-2.7252940286106515
1.2647250000000023,0.0,-2.7800067536711306
1.2672000000000023,0.0,-2.619571054252411
1.2696750000000023,0.0,-2.6005153506421985
1.2721500000000023,0.0,-2.7302609842542824
1.2746250000000023,0.0,-2.652055812825854
1.2771000000000023,0.0,-2.6241290821834276
1.2795750000000023,0.0,-2.7415782021124864
1.2820500000000024,0.0,-2.6142738423599
1.2845250000000024,0.0,-2.6115055902291973
1.2870000000000024,0.0,-2.6952947965950456
1.2894750000000024,0.0,-2.6432601792797072
1.2919500000000024,0.0,-2.686699119685954
1.2944250000000024,0.0,-2.648064875029369
1.2969000000000024,0.0,-2.656290140463309
1.2993750000000024,0.0,-2.6534366609135542
1.3018500000000024,0.0,-2.6378121804150387
1.3043250000000024,0.0,-2.630320362481667
1.3068000000000024,0.0,-2.6837784415942196
1.3092750000000024,0.0,-2.6532801374804627
1.3117500000000024,0.0,-2.6502594810702296
1.3142250000000024,0.0,-2.6429340205029193
1.3167000000000024,0.0,-2.62843962280139
1.3191750000000024,0.0,-2.651569033143898
1.3216500000000024,0.0,-2.6143574307901347
1.3241250000000024,0.0,-2.6333320044533552
1.3266000000000024,0.0,-2.5944109367518537
1.3290750000000024,0.0,-2.7480104137684687
1.3315500000000025,0.0,-2.61403782796865
1.3340250000000025,0.0,-2.658563417967936
1.3365000000000025,0.0,-2.657516104106751
1.3389750000000025,0.0,-2.6976106878091946
1.3414500000000025,0.0,-2.652621263971568
1.3439250000000025,0.0,-2.685966491679778
1.3464000000000025,0.0,-2.632355986606193
1.3488750000000025,0.0,-2.6287715180390885
1.3513500000000025,0.0,-2.697688539778528
1.3538250000000025,0.0,-2.591394377813688
1.3563000000000025,0.0,-2.688571664422078
1.3587750000000025,0.0,-2.69989297975235
1.3612500000000025,0.0,-2.6067853024041963
1.3637250000000025,0.0,-2.7137334209114616
1.3662000000000025,0.0,-2.689547682269232
1.3686750000000025,0.0,-2.6161463870960406
1.3711500000000025,0.0,-2.631701210569367
1.3736250000000025,0.0,-2.6338982750934696
1.3761000000000025,0.0,-2.6370713574647184
1.3785750000000025,0.0,-2.6378031659764773
1.3810500000000026,0.0,-2.729852876036085
1.3835250000000026,0.0,-2.6634156443935884
1.3860000000000026,0.0,-2.607923580145327
1.3884750000000026,0.0,-2.6681392101962498
1.3909500000000026,0.0,-2.6449688251330365
1.3934250000000026,0.0,-2.716659835464089
1.3959000000000026,0.0,-2.7442669632850216
1.3983750000000026,0.0,-2.661745514777729
1.4008500000000026,0.0,-2.6437494174449134
1.4033250000000026,0.0,-2.6244511434881472
1.4058000000000026,0.0,-2.596031896702872
1.4082750000000026,0.0,-2.603529451097121
1.4107500000000026,0.0,-2.6209535413289284
1.4132250000000026,0.0,-2.6084923092686916
1.4157000000000026,0.0,-2.642121901538584
1.4181750000000026,0.0,-2.6111007599886595
1.4206500000000026,0.0,-2.646520128058858
1.4231250000000026,0.0,-2.7528118315404555
1.4256000000000026,0.0,-2.604667728838268
1.4280750000000026,0.0,-2.6613423235260085
1.4305500000000027,0.0,-2.626566258570849
1.4330250000000027,0.0,-2.6428561685335774
1.4355000000000027,0.0,-2.751832535715659
1.4379750000000027,0.0,-2.6314578207283814
1.4404500000000027,0.0,-2.6401665878666334
1.4429250000000027,0.0,-2.6417990207394557
1.4454000000000027,0.0,-2.6228228080873937
1.4478750000000027,0.0,-2.6263220492354544
1.4503500000000027,0.0,-2.6758678620152803
1.4528250000000027,0.0,-2.6745288081426937
1.4553000000000027,0.0,-2.6468405503747445
1.4577750000000027,0.0,-2.6395626204834732
1.4602500000000027,0.0,-2.791973011105276
1.4627250000000027,0.0,-2.6213600105583006
1.4652000000000027,0.0,-2.6508405026098067
1.4676750000000027,0.0,-2.566239996774024
1.4701500000000027,0.0,-2.6280421680105714
1.4726250000000027,0.0,-2.639113537544555
1.4751000000000027,0.0,-2.6071090026977495
1.4775750000000027,0.0,-2.5996155457755603
1.4800500000000028,0.0,-2.613131467146693
1.4825250000000028,0.0,-2.601731480352679
1.4850000000000028,0.0,-2.601415975003253
1.4874750000000028,0.0,-2.7749586680805156
1.4899500000000028,0.0,-2.675672002850318
1.4924250000000028,0.0,-2.707547057579699
1.4949000000000028,0.0,-2.695741421050714
1.4973750000000028,0.0,-2.649444903622652
1.4998500000000028,0.0,-2.610115727702953
1.5023250000000028,0.0,-2.7188593584714265
1.5048000000000028,0.0,-2.618345090608969
1.5072750000000028,0.0,-2.7127549445810732
1.5097500000000028,0.0,-2.6804750596111377
1.5122250000000028,0.0,-2.6102853630466654
1.5147000000000028,0.0,-2.743857216078007
1.5171750000000028,0.0,-2.625998348941901
1.5196500000000028,0.0,-2.6670369902093465
1.5221250000000028,0.0,-2.612321806665592
1.5246000000000028,0.0,-2.7528954199707067
1.5270750000000028,0.0,-2.632025730357338
1.5295500000000029,0.0,-2.668010549573234
1.5320250000000029,0.0,-2.782859413726485
1.5345000000000029,0.0,-2.613140481585246
1.5369750000000029,0.0,-2.7221971592199106
1.5394500000000029,0.0,-2.610687734803961
1.5419250000000029,0.0,-2.622331930933378
1.5444000000000029,0.0,-2.662882973024451
1.5468750000000029,0.0,-2.7294480457955306
1.549350000000003,0.0,-2.784972070325944
1.551825000000003,0.0,-2.624211851119238
1.554300000000003,0.0,-2.623316963219085
1.556775000000003,0.0,-2.6900377399288384
1.559250000000003,0.0,-2.7189462248793124
1.561725000000003,0.0,-2.616957686565959
1.564200000000003,0.0,-2.6206282020465492
1.566675000000003,0.0,-2.6531170580920684
1.569150000000003,0.0,-2.693826262605051
1.571625000000003,0.0,-2.6395929417767756
1.574100000000003,0.0,-2.720083683126034
1.576575000000003,0.0,-2.748333294567614
1.579050000000003,0.0,-2.6823836621014903
1.581525000000003,0.0,-2.6080833815560696
1.584000000000003,0.0,-2.6010889967320483
1.586475000000003,0.0,-2.6348792099071003
1.588950000000003,0.0,-2.6910194942368943
1.591425000000003,0.0,-2.6692365132166755
1.593900000000003,0.0,-2.6518099645016338
1.596375000000003,0.0,-2.7484980129448418
1.598850000000003,0.0,-2.6161472065904414
1.601325000000003,0.0,-2.602882050510014
1.603800000000003,0.0,-2.641394190498909
1.606275000000003,0.0,-2.612168561210168
1.608750000000003,0.0,-2.710316129204818
1.611225000000003,0.0,-2.658646186903754
1.613700000000003,0.0,-2.660277800282151
1.616175000000003,0.0,-2.6496948494189407
1.618650000000003,0.0,-2.7196698384469435
1.621125000000003,0.0,-2.627306262026744
1.623600000000003,0.0,-2.64676597638307
1.626075000000003,0.0,-2.6337368346938934
1.628550000000003,0.0,-2.6205470720995567
1.631025000000003,0.0,-2.6569367215560153
1.633500000000003,0.0,-2.591965565420288
1.635975000000003,0.0,-2.6471691676347993
1.638450000000003,0.0,-2.6571874868467127
1.640925000000003,0.0,-2.757295285479798
1.643400000000003,0.0,-2.6337360151994846
1.645875000000003,0.0,-2.766734222140976
1.648350000000003,0.0,-2.6189220146764702
1.650825000000003,0.0,-2.6255066522934523
1.653300000000003,0.0,-2.797428385419704
1.655775000000003,0.0,-2.6782714391317164
1.658250000000003,0.0,-2.6472126008387464
1.6607250000000031,0.0,-2.6743640897654664
1.6632000000000031,0.0,-2.6270538577472053
1.6656750000000031,0.0,-2.641950627206038
1.6681500000000031,0.0,-2.6642654601009768
1.6706250000000031,0.0,-2.647009366224064
1.6731000000000031,0.0,-2.7194272681003744
1.6755750000000031,0.0,-2.7207351811852183
1.6780500000000032,0.0,-2.591964745925871
1.6805250000000032,0.0,-2.5922933631859095
1.6830000000000032,0.0,-2.730828074388805
1.6854750000000032,0.0,-2.6032016533314914
1.6879500000000032,0.0,-2.658244634640859
1.6904250000000032,0.0,-2.61688229307986
1.6929000000000032,0.0,-2.680630763549804
1.6953750000000032,0.0,-2.6377236750183104
1.6978500000000032,0.0,-2.6625559947532382
1.7003250000000032,0.0,-2.6965060093390334
1.7028000000000032,0.0,-2.7217956069570155
1.7052750000000032,0.0,-2.647822304682808
1.7077500000000032,0.0,-2.759408761573674
1.7102250000000032,0.0,-2.6591428005186715
1.7127000000000032,0.0,-2.5961982540689172
1.7151750000000032,0.0,-2.6179402603684148
1.7176500000000032,0.0,-2.6969624677276705
1.7201250000000032,0.0,-2.622658909204591
1.7226000000000032,0.0,-2.622902299045577
1.7250750000000032,0.0,-2.7427992487894435
1.7275500000000032,0.0,-2.6805127563541915
1.7300250000000033,0.0,-2.359425010991417
1.7325000000000033,0.0,-1.7139281094056638
1.7349750000000033,0.0,-0.09590358738062278
1.7374500000000033,0.0,6.322576210449058
1.7399250000000033,0.0,7.574226496548589
1.7424000000000033,0.0,8.912078170821779
1.7448750000000033,0.0,9.959201499542765
1.7473500000000033,0.0,10.49295009409088
1.7498250000000033,0.0,10.957948679861135
1.7523000000000033,0.0,10.602359727969665
1.7547750000000033,0.0,10.997811756391592
1.7572500000000033,0.0,10.746510972799966
1.7597250000000033,0.0,15.26156842165637
1.7622000000000033,0.0,16.352832587749223
1.7646750000000033,0.0,17.632705032227467
1.7671500000000033,0.0,19.01060949598798
1.7696250000000033,0.0,13.993424581232196
1.7721000000000033,0.0,8.349345861735982
1.7745750000000033,0.0,6.581993313428748
1.7770500000000033,0.0,9.717583815236532
1.7795250000000034,0.0,13.486412401690101
1.7820000000000034,0.0,21.268551801627837
1.7844750000000034,0.0,22.10205711168786
1.7869500000000034,0.0,23.915273730220864
1.7894250000000034,0.0,30.11370739520568
1.7919000000000034,0.0,31.11855751432444
1.7943750000000034,0.0,21.588402110425367
1.7968500000000034,0.0,17.48243188303753
1.7993250000000034,0.0,16.04266542494826
1.8018000000000034,0.0,21.458906422609576
1.8042750000000034,0.0,25.359566255959013
1.8067500000000034,0.0,18.035548818314812
1.8092250000000034,0.0,10.531000039230223
1.8117000000000034,0.0,16.145154674348603
1.8141750000000034,0.0,20.10187284258642
1.8166500000000034,0.0,26.907860817785867
1.8191250000000034,0.0,28.685488432904954
1.8216000000000034,0.0,29.80610770840396
1.8240750000000034,0.0,32.74222261640147
1.8265500000000034,0.0,41.10106563984205
1.8290250000000035,0.0,45.11658826874976
1.8315000000000035,0.0,46.509728772656516
1.8339750000000035,0.0,15.998818376323825
1.8364500000000035,0.0,13.393632522107557
1.8389250000000035,0.0,9.505892837690238
1.8414000000000035,0.0,15.65439306903737
1.8438750000000035,0.0,23.206642978975722
1.8463500000000035,0.0,30.184951781081047
1.8488250000000035,0.0,23.37126629485031
1.8513000000000035,0.0,20.562565558856864
1.8537750000000035,0.0,25.29589891543606
1.8562500000000035,0.0,30.455965139766935
1.8587250000000035,0.0,36.59384636249664
1.8612000000000035,0.0,39.46207681171645
1.8636750000000035,0.0,43.39564999921787
1.8661500000000035,0.0,48.23066704218841
1.8686250000000035,0.0,51.83644246406472
1.8711000000000035,0.0,49.869655870314
1.8735750000000035,0.0,37.331391335153164
1.8760500000000035,0.0,26.611638171934583
1.8785250000000036,0.0,21.692066514815483
1.8810000000000036,0.0,13.882746124152115
1.8834750000000036,0.0,13.985595131600236
1.8859500000000036,0.0,14.218494624582469
1.8884250000000036,0.0,8.321926922612283
1.8909000000000036,0.0,4.820404842981693
1.8933750000000036,0.0,3.079929007124136
1.8958500000000036,0.0,3.944083408270118
1.8983250000000036,0.0,5.65324070805488
1.9008000000000036,0.0,6.356267813861265
1.9032750000000036,0.0,-0.5561464012177337
1.9057500000000036,0.0,-2.665090690975941
1.9082250000000036,0.0,-4.314956668459385
1.9107000000000036,0.0,-4.122215679743881
1.9131750000000036,0.0,-2.304147654279632
1.9156500000000036,0.0,-0.7405555902254561
1.9181250000000036,0.0,0.5363674938565578
1.9206000000000036,0.0,0.4163976091098426
1.9230750000000036,0.0,0.4735130917923491
1.9255500000000036,0.0,1.5321188484454245
1.9280250000000037,0.0,2.8198988403732996
1.9305000000000037,0.0,2.7489066129291153
1.9329750000000037,0.0,3.128430620121563
1.9354500000000037,0.0,4.609176060284924
1.9379250000000037,0.0,5.582837041498882
1.9404000000000037,0.0,4.618644498745011
1.9428750000000037,0.0,2.4260558892333712
1.9453500000000037,0.0,0.49855520209730175
1.9478250000000037,0.0,-0.5561390257680144
1.9503000000000037,0.0,0.9695571580966544
1.9527750000000037,0.0,2.607236679996898
1.9552500000000037,0.0,3.393615160888541
1.9577250000000037,0.0,2.5225078413358792
1.9602000000000037,0.0,1.1971546861187679
1.9626750000000037,0.0,5.611282512105417
1.9651500000000037,0.0,8.719785445550775
1.9676250000000037,0.0,9.034294289757447
1.9701000000000037,0.0,11.584279246090768
1.9725750000000037,0.0,9.582528349517974
1.9750500000000037,0.0,11.853859063198136
1.9775250000000038,0.0,12.66555434892229
1.9800000000000038,0.0,12.930403470625594
1.9824750000000038,0.0,3.597747040010066
1.9849500000000038,0.0,-4.058871220020082
1.9874250000000038,0.0,-5.023954553202029
1.9899000000000038,0.0,-3.5776534466550194
1.9923750000000038,0.0,-0.43733446207809706
1.9948500000000038,0.0,-0.23252150114902245
1.9973250000000038,0.0,-1.2952516912386427
1.9998000000000038,0.0,-2.8489672086145177
2.0022750000000036,0.0,-1.480291890945184
2.0047500000000036,0.0,-0.5265085662387432
2.0072250000000036,0.0,4.339925434083693
2.0097000000000036,0.0,4.474715875308764
2.0121750000000036,0.0,2.4119146608445354
2.0146500000000036,0.0,2.9687236970852573
2.0171250000000036,0.0,5.460113655520895
2.0196000000000036,0.0,7.587607201341412
2.0220750000000036,0.0,7.0731646659470035
2.0245500000000036,0.0,5.671264012602237
2.0270250000000036,0.0,5.006244377539712
2.0295000000000036,0.0,0.6809943265336108
2.0319750000000036,0.0,0.4027079549229213
2.0344500000000036,0.0,-0.590566805597212
2.0369250000000036,0.0,-0.7350346563579149
2.0394000000000037,0.0,-0.4508454664827367
2.0418750000000037,0.0,0.5717453135599816
2.0443500000000037,0.0,1.9288201961016092
2.0468250000000037,0.0,1.6659480227227896
2.0493000000000037,0.0,1.8776470313143279
2.0517750000000037,0.0,1.9062220639877352
2.0542500000000037,0.0,2.4827532658658367
2.0567250000000037,0.0,1.2748483291339503
2.0592000000000037,0.0,0.43605400212554796
2.0616750000000037,0.0,0.7401306824412215
2.0641500000000037,0.0,1.9846503017956667
2.0666250000000037,0.0,4.915018669113456
2.0691000000000037,0.0,4.681009007048495
2.0715750000000037,0.0,4.157995625425725
2.0740500000000037,0.0,3.8758954989058187
2.0765250000000037,0.0,6.236883236609893
2.0790000000000037,0.0,7.770432717393965
2.0814750000000037,0.0,8.674153529897563
2.0839500000000037,0.0,8.31397432755473
2.0864250000000037,0.0,9.739851936949856
2.0889000000000038,0.0,14.482965959360893
2.0913750000000038,0.0,13.028163417762382
2.0938500000000038,0.0,16.37749773062369
2.0963250000000038,0.0,19.375207477771003
2.0988000000000038,0.0,22.69634544632765
2.101275000000004,0.0,24.64830001067825
2.103750000000004,0.0,26.323050755539136
2.106225000000004,0.0,23.55550175104226
2.108700000000004,0.0,21.443113126261757
2.111175000000004,0.0,10.888792939398874
2.113650000000004,0.0,7.171281175103359
2.116125000000004,0.0,2.336367224530126
2.118600000000004,0.0,1.3779022101855787
2.121075000000004,0.0,4.420159272129086
2.123550000000004,0.0,6.169642548059028
2.126025000000004,0.0,2.6152135566739427
2.128500000000004,0.0,-0.22374471597443057
2.130975000000004,0.0,0.04468231834068747
2.133450000000004,0.0,8.665555238801279
2.135925000000004,0.0,11.809512942475532
2.138400000000004,0.0,12.748828093301697
2.140875000000004,0.0,11.616580192067142
2.143350000000004,0.0,14.085944681085474
2.145825000000004,0.0,16.475334710235405
2.148300000000004,0.0,20.310709521088533
2.150775000000004,0.0,18.7348176653737
2.153250000000004,0.0,17.596671862841134
2.155725000000004,0.0,19.510353579571753
2.158200000000004,0.0,25.3170549832295
2.160675000000004,0.0,28.990929571420022
2.163150000000004,0.0,28.40759132114094
2.165625000000004,0.0,17.624889514000547
2.168100000000004,0.0,16.333839165714497
2.170575000000004,0.0,9.661819678842797
2.173050000000004,0.0,3.5701076650839263
2.175525000000004,0.0,1.4468995423776025
2.178000000000004,0.0,1.3375470272594763
2.180475000000004,0.0,-0.5065702671445977
2.182950000000004,0.0,2.1826130269681343
2.185425000000004,0.0,2.779836708649645
2.187900000000004,0.0,-0.48208459354681416
2.190375000000004,0.0,-1.3279921320692758
2.192850000000004,0.0,-2.1387531941614015
2.195325000000004,0.0,-2.4844438008231804
2.197800000000004,0.0,-1.8928679926939445
2.200275000000004,0.0,-1.3334270190233315
2.202750000000004,0.0,-2.228553392054406
2.205225000000004,0.0,-1.5374983375076692
2.207700000000004,0.0,-0.9383135237438655
2.210175000000004,0.0,-0.6831901617466531
2.212650000000004,0.0,-0.7625729466480834
2.215125000000004,0.0,-0.8102290053090797
2.217600000000004,0.0,-0.049221907577946485
2.220075000000004,0.0,0.8969753573375173
2.222550000000004,0.0,1.6234784622589533
2.225025000000004,0.0,2.379340937957497
2.227500000000004,0.0,2.553815805930729
2.229975000000004,0.0,2.8638929882450457
2.232450000000004,0.0,3.8485708508093963
2.234925000000004,0.0,4.312962674720522
2.237400000000004,0.0,4.8600145318393215
2.239875000000004,0.0,5.987700061822467
2.242350000000004,0.0,6.6381649843945825
2.244825000000004,0.0,7.303255423774477
2.247300000000004,0.0,8.434582868883162
2.249775000000004,0.0,8.920327611340939
2.252250000000004,0.0,8.649601977143835
2.254725000000004,0.0,8.418999051697465
2.257200000000004,0.0,9.666368610385815
2.259675000000004,0.0,12.441086633966348
2.262150000000004,0.0,16.663518490514303
2.264625000000004,0.0,18.205759447104484
2.267100000000004,0.0,17.09520847997665
2.269575000000004,0.0,1.1629750491981592
2.272050000000004,0.0,-1.6779383732232744
2.274525000000004,0.0,-2.619002325129046
2.277000000000004,0.0,1.3295323718899372
2.279475000000004,0.0,3.4277773425781297
2.281950000000004,0.0,3.1614137951976464
2.284425000000004,0.0,-1.0029019759882207
2.286900000000004,0.0,0.5044358940126084
2.289375000000004,0.0,4.15451154492434
2.291850000000004,0.0,6.207219177809644
2.294325000000004,0.0,6.214373945885449
2.296800000000004,0.0,6.919692743235932
2.299275000000004,0.0,11.859138246213517
2.301750000000004,0.0,15.631779940175727
2.304225000000004,0.0,18.53912567727316
2.306700000000004,0.0,18.3401229317398
2.309175000000004,0.0,17.467721138810692
2.311650000000004,0.0,17.767374188279245
2.314125000000004,0.0,20.37251087283067
2.316600000000004,0.0,20.901640387113904
2.319075000000004,0.0,21.48686101606209
2.321550000000004,0.0,21.2217562121016
2.3240250000000042,0.0,21.540031452635304
2.3265000000000042,0.0,21.466343334417193
2.3289750000000042,0.0,20.898119019616676
2.3314500000000042,0.0,18.718979296833105
2.3339250000000042,0.0,13.101667969231745
2.3364000000000043,0.0,6.512304819647897
2.3388750000000043,0.0,5.690181877251999
2.3413500000000043,0.0,6.101523082868189
2.3438250000000043,0.0,7.96326524363551
2.3463000000000043,0.0,7.277234599485776
2.3487750000000043,0.0,4.7905195206896405
2.3512500000000043,0.0,3.195045026456364
2.3537250000000043,0.0,4.057454723994805
2.3562000000000043,0.0,5.691737113750991
2.3586750000000043,0.0,3.353935159410181
2.3611500000000043,0.0,2.0073566891216412
2.3636250000000043,0.0,1.3790109861278084
2.3661000000000043,0.0,3.651704928765771
2.3685750000000043,0.0,5.273537338120032
2.3710500000000043,0.0,5.2240791047082284
2.3735250000000043,0.0,2.9975075369353505
2.3760000000000043,0.0,2.156779203109779
2.3784750000000043,0.0,2.4657236802449685
2.3809500000000043,0.0,2.773984699038823
2.3834250000000043,0.0,2.719141674366502
2.3859000000000044,0.0,2.1664713635449044
2.3883750000000044,0.0,3.6747598470660296
2.3908500000000044,0.0,3.797162482930343
2.3933250000000044,0.0,3.4432305487441153
2.3958000000000044,0.0,2.1894450699487216
2.3982750000000044,0.0,2.0506653299160216
2.4007500000000044,0.0,2.437986252812186
2.4032250000000044,0.0,3.7720100686772757
2.4057000000000044,0.0,3.436311557406177
2.4081750000000044,0.0,2.8828332250923125
2.4106500000000044,0.0,4.090282932677191
2.4131250000000044,0.0,4.926774316483184
2.4156000000000044,0.0,5.133513007335859
2.4180750000000044,0.0,1.5769279015625355
2.4205500000000044,0.0,-0.32213731279887575
2.4230250000000044,0.0,-0.5979037390863177
2.4255000000000044,0.0,1.9745170894669013
2.4279750000000044,0.0,2.0651966048661876
2.4304500000000044,0.0,0.8502133670822732
2.4329250000000044,0.0,-1.3868924735856116
2.4354000000000045,0.0,-0.8747813997992233
2.4378750000000045,0.0,0.7497597418064522
2.4403500000000045,0.0,1.7303757721125443
2.4428250000000045,0.0,0.38759401944436905
2.4453000000000045,0.0,-0.7487947870644502
2.4477750000000045,0.0,-0.16426499190732677
2.4502500000000045,0.0,1.3029750164133993
2.4527250000000045,0.0,2.4075223674638146
2.4552000000000045,0.0,0.9382049408034407
2.4576750000000045,0.0,0.09050926546949048
2.4601500000000045,0.0,0.3321306375005998
2.4626250000000045,0.0,1.412366047768996
2.4651000000000045,0.0,3.098942916519219
2.4675750000000045,0.0,2.6852965550657153
2.4700500000000045,0.0,1.514394741308646
2.4725250000000045,0.0,0.11843107914544003
2.4750000000000045,0.0,0.5484066862935593
2.4774750000000045,0.0,1.1601281256037068
2.4799500000000045,0.0,1.6973034360442216
2.4824250000000045,0.0,1.8204005114750121
2.4849000000000045,0.0,2.081823327033107
2.4873750000000046,0.0,3.358464996733358
2.4898500000000046,0.0,4.015572904924739
2.4923250000000046,0.0,4.580860151745265
2.4948000000000046,0.0,4.001314275766147
2.4972750000000046,0.0,2.62452694679089
2.4997500000000046,0.0,0.5802473222575543
2.5022250000000046,0.0,0.25022135132059525
2.5047000000000046,0.0,0.9195925836712283
2.5071750000000046,0.0,1.6569236682856865
2.5096500000000046,0.0,1.306536539136922
2.5121250000000046,0.0,0.459360423261504
2.5146000000000046,0.0,-0.4586355803828206
2.5170750000000046,0.0,0.679559391814577
2.5195500000000046,0.0,1.0918666993955182
2.5220250000000046,0.0,1.1555283034575605
2.5245000000000046,0.0,0.006513546511293094
2.5269750000000046,0.0,-0.32623396537476185
2.5294500000000046,0.0,-0.22724395712245898
2.5319250000000046,0.0,1.1028913577479036
2.5344000000000046,0.0,1.1217643141037748
2.5368750000000047,0.0,0.8578100803006207
2.5393500000000047,0.0,0.9896700095009813
2.5418250000000047,0.0,1.4098043082306349
2.5443000000000047,0.0,1.9100441859349249
2.5467750000000047,0.0,1.8563091177104167
2.5492500000000047,0.0,1.3457534443219015
2.5517250000000047,0.0,1.0858040797202786
2.5542000000000047,0.0,1.6971796923876987
2.5566750000000047,0.0,1.9644397666571611
2.5591500000000047,0.0,1.94449982857419
2.5616250000000047,0.0,1.686380394999161
2.5641000000000047,0.0,1.650394756288848
2.5665750000000047,0.0,2.038932628389893
2.5690500000000047,0.0,2.737008783278547
2.5715250000000047,0.0,2.8363325716056953
2.5740000000000047,0.0,2.9317543372802914
2.5764750000000047,0.0,3.5418739928087066
2.5789500000000047,0.0,3.0445929816358333
2.5814250000000047,0.0,2.914343195060231
2.5839000000000047,0.0,2.163291151572235
2.5863750000000048,0.0,2.347285020810914
2.5888500000000048,0.0,2.606087421030617
2.5913250000000048,0.0,2.335541420009068
2.5938000000000048,0.0,1.8604858348905642
2.5962750000000048,0.0,1.4990514293435786
2.598750000000005,0.0,2.3590584512094335
2.601225000000005,0.0,2.9507486607588675
2.603700000000005,0.0,3.3374634446116764
2.606175000000005,0.0,3.0182266585021686
2.608650000000005,0.0,3.1146249173306626
2.611125000000005,0.0,3.789912006101927
2.613600000000005,0.0,4.789461963148298
2.616075000000005,0.0,4.324984493875952
2.618550000000005,0.0,3.109657314286443
2.621025000000005,0.0,2.2634314841335583
2.623500000000005,0.0,2.9757207042914104
2.625975000000005,0.0,3.8840295464165355
2.628450000000005,0.0,4.172893271743583
2.630925000000005,0.0,3.686311358377218
2.633400000000005,0.0,3.1657131087421524
2.635875000000005,0.0,4.146120167972661
2.638350000000005,0.0,4.705780356399016
2.640825000000005,0.0,5.102872684840133
2.643300000000005,0.0,5.0847132622705935
2.645775000000005,0.0,5.5969325748791965
2.648250000000005,0.0,6.783574680085376
2.650725000000005,0.0,8.71365972480565
2.653200000000005,0.0,8.733890583405612
2.655675000000005,0.0,6.7238132138387385
2.658150000000005,0.0,6.002786749111763
2.660625000000005,0.0,6.872654952135638
2.663100000000005,0.0,8.089539416960175
2.665575000000005,0.0,9.041280479637331
2.668050000000005,0.0,8.432188634003035
2.670525000000005,0.0,7.7198952344236895
2.673000000000005,0.0,8.13231098570042
2.675475000000005,0.0,8.790291385009635
2.677950000000005,0.0,8.642418436619158
2.680425000000005,0.0,7.026811603404373
2.682900000000005,0.0,6.017019932968798
2.685375000000005,0.0,5.421911284420548
2.687850000000005,0.0,5.684528922834342
2.690325000000005,0.0,5.64768117600042
2.692800000000005,0.0,4.877508852742412
2.695275000000005,0.0,3.4753350619094365
2.697750000000005,0.0,3.325479854870677
2.700225000000005,0.0,3.988249240221623
2.702700000000005,0.0,5.296286068722374
2.705175000000005,0.0,5.240672719300823
2.707650000000005,0.0,4.786908828301278
2.710125000000005,0.0,5.3159850754476095
2.712600000000005,0.0,5.656027726607657
2.715075000000005,0.0,6.133187773381476
2.717550000000005,0.0,5.265886923432715
2.720025000000005,0.0,5.145570392548832
2.722500000000005,0.0,5.662097885631505
2.724975000000005,0.0,7.724503784185333
2.727450000000005,0.0,7.968564758307313
2.729925000000005,0.0,7.691516142864685
2.732400000000005,0.0,7.5010903897677945
2.734875000000005,0.0,8.517879313257831
2.737350000000005,0.0,9.800964913384183
2.739825000000005,0.0,11.279034540386743
2.742300000000005,0.0,11.332486883038404
2.744775000000005,0.0,11.54392217832751
2.747250000000005,0.0,11.415791768205548
2.749725000000005,0.0,10.964387201624094
2.752200000000005,0.0,10.3041729998562
2.754675000000005,0.0,9.486288892317031
2.757150000000005,0.0,9.852826617378145
2.759625000000005,0.0,9.517652582532047
2.762100000000005,0.0,7.637800004961141
2.764575000000005,0.0,6.049022337130141
2.767050000000005,0.0,6.264436113900643
2.769525000000005,0.0,6.616214908463351
2.772000000000005,0.0,6.887939178553429
2.774475000000005,0.0,6.343771040328294
2.776950000000005,0.0,4.968039220158342
2.779425000000005,0.0,4.988521663543429
2.781900000000005,0.0,6.097741771742823
2.784375000000005,0.0,7.503697447347251
2.786850000000005,0.0,6.936035387664223
2.789325000000005,0.0,6.10681685288415
2.791800000000005,0.0,5.872140696012239
2.794275000000005,0.0,6.38696675479242
2.796750000000005,0.0,5.979177319916215
2.799225000000005,0.0,5.189917332765852
2.801700000000005,0.0,2.9805472805419075
2.804175000000005,0.0,2.9191466615682473
2.806650000000005,0.0,3.4107253028103077
2.809125000000005,0.0,3.934530561885387
2.811600000000005,0.0,3.72494650447766
2.814075000000005,0.0,2.7697962630885575
2.816550000000005,0.0,2.8819596440469084
2.819025000000005,0.0,3.4448744545387324
2.8215000000000052,0.0,3.658006922759345
2.8239750000000052,0.0,2.963941045735353
2.8264500000000052,0.0,2.8624220777212415
2.8289250000000052,0.0,2.914398510933162
2.8314000000000052,0.0,3.437657167234082
2.8338750000000053,0.0,3.1585013120500647
2.8363500000000053,0.0,2.0897159596843813
2.8388250000000053,0.0,0.7305348207946859
2.8413000000000053,0.0,0.9955171021453267
2.8437750000000053,0.0,1.6462056647430392
2.8462500000000053,0.0,2.0213494742923106
2.8487250000000053,0.0,1.463444642900884
2.8512000000000053,0.0,1.190185541722698
2.8536750000000053,0.0,2.2516772299043333
2.8561500000000053,0.0,3.070860318039236
2.8586250000000053,0.0,3.1074118176424754
2.8611000000000053,0.0,1.8049573850903189
2.8635750000000053,0.0,1.549855329947872
2.8660500000000053,0.0,1.6835333894552837
2.8685250000000053,0.0,3.064841295466833
2.8710000000000053,0.0,3.0652483383422915
2.8734750000000053,0.0,2.337974171126666
2.8759500000000053,0.0,1.1594681867520729
2.8784250000000053,0.0,1.193578822243011
2.8809000000000053,0.0,1.3542531584351298
2.8833750000000054,0.0,0.8348281789526514
2.8858500000000054,0.0,0.21385423796052294
2.8883250000000054,0.0,-0.35642061576285516
2.8908000000000054,0.0,0.3268305573776337
2.8932750000000054,0.0,0.9536245476984406
2.8957500000000054,0.0,1.1268531285667966
2.8982250000000054,0.0,0.7617131331782989
2.9007000000000054,0.0,0.7156268980168831
2.9031750000000054,0.0,0.7354230148301873
2.9056500000000054,0.0,1.2881388895412271
2.9081250000000054,0.0,1.2348617547952843
2.9106000000000054,0.0,1.0512148594915127
2.9130750000000054,0.0,0.9731049133140129
2.9155500000000054,0.0,1.1721060198585207
2.9180250000000054,0.0,1.3572250549277265
2.9205000000000054,0.0,1.5048186212825523
2.9229750000000054,0.0,1.7533183131438193
2.9254500000000054,0.0,2.022474967920584
2.9279250000000054,0.0,2.8817296939143233
2.9304000000000054,0.0,2.8083724875406144
2.9328750000000054,0.0,2.5048660933876987
2.9353500000000055,0.0,2.201111146579006
2.9378250000000055,0.0,2.6030959386215136
2.9403000000000055,0.0,3.096457389961357
2.9427750000000055,0.0,3.21259777731118
2.9452500000000055,0.0,2.714945862966509
2.9477250000000055,0.0,2.1581407930787435
2.9502000000000055,0.0,2.5451597322833153
2.9526750000000055,0.0,2.8707170001803948
2.9551500000000055,0.0,3.0251621954323222
2.9576250000000055,0.0,2.3446737018605077
2.9601000000000055,0.0,2.0804080601800288
2.9625750000000055,0.0,2.290758344864909
2.9650500000000055,0.0,2.9970789413568046
2.9675250000000055,0.0,2.651847251566914
2.9700000000000055,0.0,1.9925689124198604
2.9724750000000055,0.0,1.5656483804473766
2.9749500000000055,0.0,2.0216019605212905
2.9774250000000055,0.0,2.4673511961512973
2.9799000000000055,0.0,2.795066192840592
2.9823750000000055,0.0,2.6550195144437376
2.9848500000000056,0.0,2.5827909157770796
2.9873250000000056,0.0,3.533019273715316
2.9898000000000056,0.0,3.8363526725974193
2.9922750000000056,0.0,4.029526354363553
2.9947500000000056,0.0,3.2991544163133297
2.9972250000000056,0.0,3.153567955677411
2.9997000000000056,0.0,2.825675456498023
3.0021750000000056,0.0,3.3580555773240826
3.0046500000000056,0.0,3.701976895545879
3.0071250000000056,0.0,3.237262510438425
3.0096000000000056,0.0,2.7418083162133926
3.0120750000000056,0.0,3.0424492661980964
3.0145500000000056,0.0,3.844289885744821
3.0170250000000056,0.0,5.303076071639524
3.0195000000000056,0.0,5.75936416933326
3.0219750000000056,0.0,6.093028531569777
3.0244500000000056,0.0,7.796599010136097
3.0269250000000056,0.0,9.14763036722234
3.0294000000000056,0.0,10.419808578646942
3.0318750000000056,0.0,11.785744326490061
3.0343500000000057,0.0,11.964175303747197
3.0368250000000057,0.0,11.479711513008036
3.0393000000000057,0.0,8.778713649877195
3.0417750000000057,0.0,7.685199152123325
3.0442500000000057,0.0,6.941822657216325
3.0467250000000057,0.0,8.045546416380603
3.0492000000000057,0.0,8.599414008541158
3.0516750000000057,0.0,7.952200266157948
3.0541500000000057,0.0,5.86004495846066
3.0566250000000057,0.0,5.818969439944595
3.0591000000000057,0.0,6.376448543987922
3.0615750000000057,0.0,7.4157125115308435
3.0640500000000057,0.0,6.320314815613447
3.0665250000000057,0.0,4.911589986434457
3.0690000000000057,0.0,4.139697544401325
3.0714750000000057,0.0,5.07055059590788
3.0739500000000057,0.0,5.900886921068719
3.0764250000000057,0.0,5.733680558801
3.0789000000000057,0.0,4.25523888133444
3.0813750000000057,0.0,3.815473593915931
3.0838500000000058,0.0,4.447148083219671
3.0863250000000058,0.0,5.7532238615875775
3.0888000000000058,0.0,5.3230491172968275
3.0912750000000058,0.0,4.548739986236631
3.0937500000000058,0.0,3.8335286948465654
3.096225000000006,0.0,4.661172161362809
3.098700000000006,0.0,5.389329825506224
3.101175000000006,0.0,4.721956520537081
3.103650000000006,0.0,3.7506392933473554
3.106125000000006,0.0,3.4370802431665806
3.108600000000006,0.0,4.401295731764034
3.111075000000006,0.0,4.604115682278096
3.113550000000006,0.0,3.943440105155079
3.116025000000006,0.0,1.316551826219515
3.118500000000006,0.0,1.5903819511054105
3.120975000000006,0.0,2.6912854202436733
3.123450000000006,0.0,4.662624715211727
3.125925000000006,0.0,3.994972700192362
3.128400000000006,0.0,2.4183892895313805
3.130875000000006,0.0,0.6697261144413577
3.133350000000006,0.0,1.4840721367972582
3.135825000000006,0.0,2.3502869107990736
3.138300000000006,0.0,2.136312330118556
3.140775000000006,0.0,1.1769515264300057
3.143250000000006,0.0,0.46595735329469823
3.145725000000006,0.0,1.3072003296123094
3.148200000000006,0.0,2.187983091914037
3.150675000000006,0.0,2.313575527835659
3.153150000000006,0.0,0.9249692865219065
3.155625000000006,0.0,0.36725990454822216
3.158100000000006,0.0,0.5803743438917446
3.160575000000006,0.0,2.4650582507807473
3.163050000000006,0.0,2.805156709510394
3.165525000000006,0.0,2.5166632891242333
3.168000000000006,0.0,2.0274015224896123
3.170475000000006,0.0,2.477416390443691
3.172950000000006,0.0,3.243109603082779
3.175425000000006,0.0,3.8507721685095104
3.177900000000006,0.0,3.4062334900279474
3.180375000000006,0.0,3.4264441071158864
3.182850000000006,0.0,3.612102041711768
3.185325000000006,0.0,4.116998286676748
3.187800000000006,0.0,4.476721997634374
3.190275000000006,0.0,3.9218266775291406
3.192750000000006,0.0,3.305669724702886
3.195225000000006,0.0,3.0891358629672494
3.197700000000006,0.0,3.3755798917227198
3.200175000000006,0.0,3.428681081017954
3.202650000000006,0.0,3.0282042406467617
3.205125000000006,0.0,2.425935997200601
3.207600000000006,0.0,2.488610110493703
3.210075000000006,0.0,2.74467539937043
3.212550000000006,0.0,2.4811713957983748
3.215025000000006,0.0,1.3223822831272414
3.217500000000006,0.0,0.42096547097382087
3.219975000000006,0.0,1.2923576467848106
3.222450000000006,0.0,2.086890260995261
3.224925000000006,0.0,2.4848047881820143
3.227400000000006,0.0,1.1924563607440826
3.229875000000006,0.0,0.58035385653138
3.232350000000006,0.0,0.34964487211793677
3.234825000000006,0.0,1.9112381892962071
3.237300000000006,0.0,2.0100888834981236
3.239775000000006,0.0,1.411951383595488
3.242250000000006,0.0,0.5135331015031188
3.244725000000006,0.0,0.9051268682742001
3.247200000000006,0.0,1.6708739216962747
3.249675000000006,0.0,2.725293536983429
3.252150000000006,0.0,2.4424734764258327
3.254625000000006,0.0,1.8601531201584494
3.257100000000006,0.0,1.0152456106694718
3.259575000000006,0.0,1.1530624447656548
3.262050000000006,0.0,1.49299798800579
3.264525000000006,0.0,2.0438332869354268
3.267000000000006,0.0,2.813109411102219
3.269475000000006,0.0,3.966980483751301
3.271950000000006,0.0,5.654923867631912
3.274425000000006,0.0,6.250968788548248
3.276900000000006,0.0,6.574532070831963
3.279375000000006,0.0,6.8970382708811035
3.281850000000006,0.0,6.824842288092108
3.284325000000006,0.0,7.15782007790852
3.286800000000006,0.0,6.64674722159529
3.289275000000006,0.0,5.843248519000587
3.291750000000006,0.0,5.613485476989303
3.294225000000006,0.0,6.980721844416975
3.296700000000006,0.0,6.672424071298642
3.299175000000006,0.0,7.235304258151458
3.301650000000006,0.0,6.269510505261956
3.304125000000006,0.0,5.908349237203181
3.306600000000006,0.0,6.2442636852523865
3.309075000000006,0.0,6.689851234634502
3.311550000000006,0.0,6.595358857574903
3.314025000000006,0.0,6.955173614361915
3.316500000000006,0.0,9.400577397904106
3.3189750000000062,0.0,10.01637590387366
3.3214500000000062,0.0,9.359082871894135
3.3239250000000062,0.0,3.670179037190304
3.3264000000000062,0.0,1.6694241541283537
3.3288750000000062,0.0,1.524462394084282
3.3313500000000063,0.0,4.3727428254398255
3.3338250000000063,0.0,4.911068869936557
3.3363000000000063,0.0,4.355103372076005
3.3387750000000063,0.0,2.4225967213621735
3.3412500000000063,0.0,3.239344272098488
3.3437250000000063,0.0,5.5278760096309325
3.3462000000000063,0.0,7.497976229044916
3.3486750000000063,0.0,6.56426633806149
3.3511500000000063,0.0,5.674582473282529
3.3536250000000063,0.0,6.847390021299512
3.3561000000000063,0.0,8.810886017180007
3.3585750000000063,0.0,10.242136289318344
3.3610500000000063,0.0,7.524478186699049
3.3635250000000063,0.0,5.806429864218371
3.3660000000000063,0.0,4.123364529032397
3.3684750000000063,0.0,4.597975866229059
3.3709500000000063,0.0,4.833201576055043
3.3734250000000063,0.0,4.418970341438225
3.3759000000000063,0.0,2.725890538664083
3.3783750000000063,0.0,2.78580705325386
3.3808500000000064,0.0,3.3517996962811814
3.3833250000000064,0.0,3.8285439971488593
3.3858000000000064,0.0,3.4025606799630124
3.3882750000000064,0.0,2.148387580309769
3.3907500000000064,0.0,1.6849700451125678
3.3932250000000064,0.0,1.527093626748959
3.3957000000000064,0.0,1.6324904423304112
3.3981750000000064,0.0,0.8808509852464169
3.4006500000000064,0.0,-0.1717363224803419
3.4031250000000064,0.0,-0.21058445517897909
3.4056000000000064,0.0,0.22910379976461406
3.4080750000000064,0.0,1.614256691617503
3.4105500000000064,0.0,1.108685183255332
3.4130250000000064,0.0,0.8805043391092645
3.4155000000000064,0.0,0.5118293726162821
3.4179750000000064,0.0,1.1231050069651787
3.4204500000000064,0.0,1.5305543516595492
3.4229250000000064,0.0,0.5867918046482564
3.4254000000000064,0.0,0.00599480654719373
3.4278750000000064,0.0,-0.2019519010212423
3.4303500000000064,0.0,0.7123367098938548
3.4328250000000065,0.0,1.116408098613461
3.4353000000000065,0.0,0.9648270363386748
3.4377750000000065,0.0,0.09071905603948284
3.4402500000000065,0.0,0.30157906624991737
3.4427250000000065,0.0,0.7573564550248079
3.4452000000000065,0.0,1.5483037811737281
3.4476750000000065,0.0,1.5351787586381038
3.4501500000000065,0.0,1.5608033655725453
3.4526250000000065,0.0,2.453229504509273
3.4551000000000065,0.0,3.0873463330152657
3.4575750000000065,0.0,3.1462538041330066
3.4600500000000065,0.0,2.0617899665869226
3.4625250000000065,0.0,1.2217827878457233
3.4650000000000065,0.0,1.31378332824049
3.4674750000000065,0.0,2.229078278296051
3.4699500000000065,0.0,1.9703139026171734
3.4724250000000065,0.0,1.294869397163914
3.4749000000000065,0.0,0.6293809293471148
3.4773750000000065,0.0,1.206152570886298
3.4798500000000065,0.0,2.0205415347494844
3.4823250000000066,0.0,2.395089244061968
3.4848000000000066,0.0,1.7806320045999235
3.4872750000000066,0.0,1.3494178135943782
3.4897500000000066,0.0,2.3469228862293554
3.4922250000000066,0.0,3.036254544023316
3.4947000000000066,0.0,3.233061454274176
3.4971750000000066,0.0,2.132089639301786
3.4996500000000066,0.0,2.1327361384450194
3.5021250000000066,0.0,2.718328080312215
3.5046000000000066,0.0,4.4990254395569504
3.5070750000000066,0.0,4.625347471355394
3.5095500000000066,0.0,4.14890440024443
3.5120250000000066,0.0,3.937355604978988
3.5145000000000066,0.0,4.665880976266007
3.5169750000000066,0.0,5.349251221944865
3.5194500000000066,0.0,4.942047889473605
3.5219250000000066,0.0,3.8577377890795903
3.5244000000000066,0.0,3.0494506986740735
3.5268750000000066,0.0,1.67040599038585
3.5293500000000066,0.0,1.4121701886040334
3.5318250000000067,0.0,0.9044983160586075
3.5343000000000067,0.0,-0.047205131824934694
3.5367750000000067,0.0,-0.8876302527173253
3.5392500000000067,0.0,-1.0555700624856206
3.5417250000000067,0.0,-1.3001096541251973
3.5442000000000067,0.0,-1.2720206635887856
3.5466750000000067,0.0,-1.1394166334604539
3.5491500000000067,0.0,-1.4467827643541553
3.5516250000000067,0.0,-1.8173573188989451
3.5541000000000067,0.0,-1.930607349450352
3.5565750000000067,0.0,-1.781234824621472
3.5590500000000067,0.0,-1.7346604985870384
3.5615250000000067,0.0,-1.6011353567372952
3.5640000000000067,0.0,-1.7435331646080936
3.5664750000000067,0.0,-1.7165029608546458
3.5689500000000067,0.0,-1.808342880344253
3.5714250000000067,0.0,-1.7861935853209585
3.5739000000000067,0.0,-1.7943385403023229
3.5763750000000067,0.0,-1.68931131670163
3.5788500000000067,0.0,-1.7078769626522197
3.5813250000000068,0.0,-1.6702556130914252
3.5838000000000068,0.0,-1.4548687157377251
3.5862750000000068,0.0,-1.4821873815249236
3.5887500000000068,0.0,-1.3767897464490544
3.5912250000000068,0.0,-1.4135088326599765
3.5937000000000068,0.0,-1.426742847952669
3.596175000000007,0.0,-1.2391974538223345
3.598650000000007,0.0,-1.0392383583077707
3.601125000000007,0.0,-0.6956104190862015
3.603600000000007,0.0,-0.6633723283313795
3.606075000000007,0.0,-0.7075537306767556
3.608550000000007,0.0,-0.17513640480428802
3.611025000000007,0.0,0.1571595656596304
3.613500000000007,0.0,-0.037946483934855856
3.615975000000007,0.0,-0.8980050519993531
3.618450000000007,0.0,-0.949535680250031
3.620925000000007,0.0,-0.6153991253321318
3.623400000000007,0.0,-0.17083651761370394
3.625875000000007,0.0,-0.42899036995410283
3.628350000000007,0.0,-1.1881683561530427
3.630825000000007,0.0,-2.0368236594458664
3.633300000000007,0.0,-1.7449771137656802
3.635775000000007,0.0,-1.3153088170228264
3.638250000000007,0.0,-1.4142693234762198
3.640725000000007,0.0,-1.8515056511329369
3.643200000000007,0.0,-2.187249234596825
3.645675000000007,0.0,-1.877806504857876
3.648150000000007,0.0,-1.3730151551778964
3.650625000000007,0.0,-1.197267202632395
3.653100000000007,0.0,-1.784815195716517
3.655575000000007,0.0,-1.9423343145155951
3.658050000000007,0.0,-1.8960410750651848
3.660525000000007,0.0,-1.101682193670523
3.663000000000007,0.0,-1.0303181616106838
3.665475000000007,0.0,-1.2730728944164391
3.667950000000007,0.0,-1.5945638310309422
3.670425000000007,0.0,-1.3647882507551061
3.672900000000007,0.0,-1.0668356521957496
3.675375000000007,0.0,-0.8431530128884712
3.677850000000007,0.0,-1.2023931401923438
3.680325000000007,0.0,-1.2912246956879296
3.682800000000007,0.0,-1.0660497570526568
3.685275000000007,0.0,-0.8313473763594857
3.687750000000007,0.0,-0.658089047843898
3.690225000000007,0.0,-0.8266656047719382
3.692700000000007,0.0,-1.0794853679712135
3.695175000000007,0.0,-0.8629831387199572
3.697650000000007,0.0,-0.6418753508616771
3.700125000000007,0.0,-0.7726519084466413
3.702600000000007,0.0,-1.0038607844526612
3.705075000000007,0.0,-1.4681199404131149
3.707550000000007,0.0,-1.554604463906825
3.710025000000007,0.0,-1.3236160318981758
3.712500000000007,0.0,-1.2241966085729106
3.714975000000007,0.0,-1.1623706719983558
3.717450000000007,0.0,-0.5445874325073854
3.719925000000007,0.0,0.0879835836853572
3.722400000000007,0.0,1.7933391669338294
3.724875000000007,0.0,2.1396230875513735
3.727350000000007,0.0,2.3334589208040617
3.729825000000007,0.0,2.910659977416224
3.732300000000007,0.0,3.3371969860029425
3.734775000000007,0.0,3.267794004075972
3.737250000000007,0.0,1.642922606221416
3.739725000000007,0.0,1.0114284056887752
3.742200000000007,0.0,0.857691253610599
3.744675000000007,0.0,2.9557551160332673
3.747150000000007,0.0,3.5504534437284163
3.749625000000007,0.0,3.3889592853244723
3.752100000000007,0.0,2.0943812594341993
3.754575000000007,0.0,2.1926919068172515
3.757050000000007,0.0,3.5392500536443245
3.759525000000007,0.0,4.39873358247846
3.762000000000007,0.0,2.978851172953121
3.764475000000007,0.0,1.6288973690719493
3.766950000000007,0.0,1.0723684688017299
3.769425000000007,0.0,2.349607631879256
3.771900000000007,0.0,3.624315040719028
3.774375000000007,0.0,2.6125313186769397
3.776850000000007,0.0,1.5115883826876857
3.779325000000007,0.0,1.0596887595307032
3.781800000000007,0.0,2.8612596248948905
3.784275000000007,0.0,3.4226752523056216
3.786750000000007,0.0,3.0622889801142215
3.789225000000007,0.0,0.674000269507345
3.791700000000007,0.0,0.5666342907983531
3.794175000000007,0.0,1.3284680125449613
3.796650000000007,0.0,2.9067151771552506
3.799125000000007,0.0,2.425025809339731
3.801600000000007,0.0,1.4245034975862383
3.804075000000007,0.0,0.9993836406897538
3.806550000000007,0.0,1.99122649862019
3.809025000000007,0.0,2.7747522842182106
3.811500000000007,0.0,2.20552486154371
3.813975000000007,0.0,1.2274391841399055
3.8164500000000072,0.0,0.7223715009434896
3.8189250000000072,0.0,1.057335663270154
3.8214000000000072,0.0,1.1395325919894763
3.8238750000000072,0.0,0.7159392073380739
3.8263500000000072,0.0,-0.6537293375610945
3.8288250000000073,0.0,-0.6836531760906013
3.8313000000000073,0.0,-0.35580132383415436
3.8337750000000073,0.0,0.24298193766677062
3.8362500000000073,0.0,-0.1402718344523925
3.8387250000000073,0.0,-0.7810345168080898
3.8412000000000073,0.0,-1.035319536019709
3.8436750000000073,0.0,-0.625027365202962
3.8461500000000073,0.0,-0.2661617468463096
3.8486250000000073,0.0,-0.6838211724454881
3.8511000000000073,0.0,-0.8529312202370662
3.8535750000000073,0.0,-0.7526242844613751
3.8560500000000073,0.0,0.2507851634774674
3.8585250000000073,0.0,0.48116307214762977
3.8610000000000073,0.0,0.3811724612157648
3.8634750000000073,0.0,0.4507475369696906
3.8659500000000073,0.0,1.0528694187135168
3.8684250000000073,0.0,1.8828517222874839
3.8709000000000073,0.0,3.118772878451823
3.8733750000000073,0.0,3.5462825449586033
3.8758500000000073,0.0,3.842285156559707
3.8783250000000073,0.0,4.51087565658207
3.8808000000000074,0.0,4.681405232597701
3.8832750000000074,0.0,3.730189383890515
3.8857500000000074,0.0,1.2215475929488817
3.8882250000000074,0.0,0.8488964395588688
3.8907000000000074,0.0,1.263954789887807
3.8931750000000074,0.0,1.6429996386963406
3.8956500000000074,0.0,1.0521474441347194
3.8981250000000074,0.0,-0.24318967943130185
3.9006000000000074,0.0,-1.081150580620596
3.9030750000000074,0.0,-0.15606595029462056
3.9055500000000074,0.0,0.9704413925694129
3.9080250000000074,0.0,0.5764579800869253
3.9105000000000074,0.0,-0.17480123158893907
3.9129750000000074,0.0,-0.5299668326660751
3.9154500000000074,0.0,0.5108222139814015
3.9179250000000074,0.0,1.1269967859375654
3.9204000000000074,0.0,1.009011716661694
3.9228750000000074,0.0,0.05439988310264631
3.9253500000000074,0.0,0.7801031614759516
3.9278250000000074,0.0,2.4444618976720993
3.9303000000000075,0.0,5.7807507609053905
3.9327750000000075,0.0,6.8098280031343075
3.9352500000000075,0.0,7.4074257020663925
3.9377250000000075,0.0,9.683884483991989
3.9402000000000075,0.0,11.38939110006099
3.9426750000000075,0.0,12.656484184747443
3.9451500000000075,0.0,12.332832978908046
3.9476250000000075,0.0,11.179440482801839
3.9501000000000075,0.0,10.408199538827883
3.9525750000000075,0.0,10.485720022673368
3.9550500000000075,0.0,11.739569913729694
3.9575250000000075,0.0,11.734957717217908
3.9600000000000075,0.0,9.176308418538529
3.9624750000000075,0.0,7.7314129825650175
3.9649500000000075,0.0,7.569576029647675
3.9674250000000075,0.0,8.917547812533947
3.9699000000000075,0.0,9.766806829166653
3.9723750000000075,0.0,9.91456101642664
3.9748500000000075,0.0,7.570837493789128
3.9773250000000075,0.0,7.120996915907014
3.9798000000000076,0.0,7.454745423829959
3.9822750000000076,0.0,10.374113488169362
3.9847500000000076,0.0,10.885811618720508
3.9872250000000076,0.0,10.639855530986225
3.9897000000000076,0.0,6.117300071277177
3.9921750000000076,0.0,5.649444809928933
3.9946500000000076,0.0,5.173559568665625
3.9971250000000076,0.0,6.271862716468517
3.9996000000000076,0.0,6.4266659840682205
4.002075000000008,0.0,4.716128767960903
4.004550000000007,0.0,3.1473141479553632
4.007025000000007,0.0,1.7081822243909022
4.009500000000006,0.0,2.926428770881051
4.011975000000006,0.0,3.5553904878259335
4.014450000000005,0.0,3.277448303869154
4.016925000000005,0.0,2.548120565601329
4.0194000000000045,0.0,2.4064684976473276
4.021875000000004,0.0,4.131745826202791
4.024350000000004,0.0,4.432517403597084
4.026825000000003,0.0,4.131854900909301
4.029300000000003,0.0,2.6292775559092103
4.031775000000002,0.0,2.952000930173009
4.034250000000002,0.0,3.688273555802242
4.0367250000000015,0.0,4.471606467653473
4.039200000000001,0.0,3.962382882435013
4.041675000000001,0.0,3.52770985135605
4.04415,0.0,4.1229861684614315
4.046625,0.0,4.7137465796486815
4.049099999999999,0.0,4.653583561139132
4.051574999999999,0.0,2.918047637609555
4.054049999999998,0.0,2.499952322931536
4.056524999999998,0.0,2.92974764130858
4.0589999999999975,0.0,3.369744272000186
4.061474999999997,0.0,2.3128166760082327
4.063949999999997,0.0,1.4689898338030782
4.066424999999996,0.0,-0.9494529113142208
4.068899999999996,0.0,-0.9840027958110995
4.071374999999995,0.0,-0.8011867039443118
4.073849999999995,0.0,-1.0528149222655392
4.076324999999994,0.0,-1.5700822549052107
4.078799999999994,0.0,-1.5697118434300588
4.0812749999999935,0.0,-2.3734777012037624
4.083749999999993,0.0,-2.3399521847244538
4.086224999999993,0.0,-2.157322118089659
4.088699999999992,0.0,-2.0890238146328417
4.091174999999992,0.0,-1.9834753925847826
4.093649999999991,0.0,-2.09884381619655
4.096124999999991,0.0,-2.6546962238279654
4.0985999999999905,0.0,-2.6599082083013994
4.10107499999999,0.0,-2.2755989273769237
4.10354999999999,0.0,-2.23394566529894
4.106024999999989,0.0,-2.1504940906316747
4.108499999999989,0.0,-2.391657365285329
4.110974999999988,0.0,-2.594562543218444
4.113449999999988,0.0,-2.4053289905951365
4.115924999999987,0.0,-2.295825688504828
4.118399999999987,0.0,-2.384885882941921
4.1208749999999865,0.0,-2.3862011714765
4.123349999999986,0.0,-2.547412932105351
4.125824999999986,0.0,-2.431061934691111
4.128299999999985,0.0,-2.2888542495243978
4.130774999999985,0.0,-2.3503704172104287
4.133249999999984,0.0,-2.424462546174674
4.135724999999984,0.0,-2.5113396074927103
4.1381999999999834,0.0,-2.5331627437392084
4.140674999999983,0.0,-2.320767820491233
4.143149999999983,0.0,-2.3756100256691535
4.145624999999982,0.0,-2.426175289500064
4.148099999999982,0.0,-2.5141922675480726
4.150574999999981,0.0,-2.3765450687955942
4.153049999999981,0.0,-2.379688649367942
4.15552499999998,0.0,-2.2886583903594353
4.15799999999998,0.0,-2.319441059034867
4.1604749999999795,0.0,-2.342077133740109
4.162949999999979,0.0,-2.099776400839757
4.165424999999979,0.0,-1.8788898764732562
4.167899999999978,0.0,-1.8153053048861305
4.170374999999978,0.0,-1.8660336481054431
4.172849999999977,0.0,-1.961222021770913
4.175324999999977,0.0,-1.899991857635382
4.177799999999976,0.0,-1.4486094174031061
4.180274999999976,0.0,-1.2447028172959962
4.1827499999999755,0.0,-1.1699673852167114
4.185224999999975,0.0,-1.3394560394276016
4.187699999999975,0.0,-1.3804184677145235
4.190174999999974,0.0,-1.0487969411533955
4.192649999999974,0.0,-0.5734016756002376
4.195124999999973,0.0,-0.48368670512630996
4.197599999999973,0.0,-0.4336287083376952
4.2000749999999725,0.0,-0.18588243505588456
4.202549999999972,0.0,0.00993001872351949
4.205024999999972,0.0,0.22596923363082777
4.207499999999971,0.0,0.04659092083103975
4.209974999999971,0.0,-0.04786482482825411
4.21244999999997,0.0,0.008557365579963694
4.21492499999997,0.0,0.33728443787063217
4.217399999999969,0.0,0.48905070588300265
4.219874999999969,0.0,0.5522642923488823
4.2223499999999685,0.0,0.831890537326559
4.224824999999968,0.0,1.1542667737565682
4.227299999999968,0.0,1.4412335579987572
4.229774999999967,0.0,1.705248680236886
4.232249999999967,0.0,1.6759291368883191
4.234724999999966,0.0,1.6202203983169667
4.237199999999966,0.0,1.555271483259632
4.239674999999965,0.0,1.8983790845029924
4.242149999999965,0.0,2.064630006428301
4.244624999999965,0.0,2.146302950419267
4.247099999999964,0.0,1.914824952447681
4.249574999999964,0.0,1.6892164439027437
4.252049999999963,0.0,1.067372503055827
4.254524999999963,0.0,0.9704545536497129
4.256999999999962,0.0,1.219275405371842
4.259474999999962,0.0,2.175225202875905
4.2619499999999615,0.0,2.351719305085416
4.264424999999961,0.0,2.3320958557451528
4.266899999999961,0.0,1.231500803329611
4.26937499999996,0.0,0.889199256791912
4.27184999999996,0.0,1.1920742304987964
4.274324999999959,0.0,2.653364709373419
4.276799999999959,0.0,3.1615908059910782
4.279274999999958,0.0,3.066278033073566
4.281749999999958,0.0,1.125921937064085
4.2842249999999575,0.0,0.36880473346816567
4.286699999999957,0.0,0.014914183749839358
4.289174999999957,0.0,-0.4840358097466887
4.291649999999956,0.0,-0.6800777219620409
4.294124999999956,0.0,-0.7600300554812529
4.296599999999955,0.0,-0.9200199499387216
4.299074999999955,0.0,-1.0417951808796306
4.3015499999999545,0.0,-1.0082876932774438
4.304024999999954,0.0,-1.3572112054026901
4.306499999999954,0.0,-1.6699794434738866
4.308974999999953,0.0,-1.5415384449690033
4.311449999999953,0.0,-1.3855427662856548
4.313924999999952,0.0,-1.18826423699949
4.316399999999952,0.0,-1.1786654989275773
4.318874999999951,0.0,-1.2335494983206028
4.321349999999951,0.0,-1.029682233945372
4.3238249999999505,0.0,-0.9581903607569416
4.32629999999995,0.0,-0.8205284111050247
4.32877499999995,0.0,-0.4272850020784324
4.331249999999949,0.0,-0.2821205810657572
4.333724999999949,0.0,-0.0892853504926553
4.336199999999948,0.0,-0.006479537423672088
4.338674999999948,0.0,-0.12579546562796956
4.341149999999947,0.0,-0.18654622553127204
4.343624999999947,0.0,-0.6435012277791806
4.346099999999947,0.0,-0.7380356449022165
4.348574999999946,0.0,-0.7557006664917515
4.351049999999946,0.0,-0.417521545629292
4.353524999999945,0.0,-0.5886934413666627
4.355999999999945,0.0,-0.6321864684042108
4.358474999999944,0.0,-1.0969922271388313
4.360949999999944,0.0,-1.3707656430112851
4.3634249999999435,0.0,-1.2880016241574235
4.365899999999943,0.0,-1.0207743296645135
4.368374999999943,0.0,-0.927181511623221
4.370849999999942,0.0,-0.9812460166021926
4.373324999999942,0.0,-1.2583957494605686
4.375799999999941,0.0,-1.2500950905405377
4.378274999999941,0.0,-1.1766528206466416
4.38074999999994,0.0,-0.8655186544370765
4.38322499999994,0.0,-1.0382377556281923
4.3856999999999395,0.0,-1.1146457758065789
4.388174999999939,0.0,-1.2914123599087644
4.390649999999939,0.0,-0.9116291466331371
4.393124999999938,0.0,-0.6293026675611297
4.395599999999938,0.0,-0.701482096562947
4.398074999999937,0.0,-0.7325114330570159
4.400549999999937,0.0,-0.587470755700888
4.4030249999999365,0.0,1.1818297308286019
4.405499999999936,0.0,2.764737524070547
4.407974999999936,0.0,4.136647877888828
4.410449999999935,0.0,5.705044965490413
4.412924999999935,0.0,6.594924935282659
4.415399999999934,0.0,7.694072637638798
4.417874999999934,0.0,9.929282577979748
4.420349999999933,0.0,10.309799074857061
4.422824999999933,0.0,9.542827123134288
4.4252999999999325,0.0,8.93265395462063
4.427774999999932,0.0,9.450619660399976
4.430249999999932,0.0,9.877142901480534
4.432724999999931,0.0,8.923914292542964
4.435199999999931,0.0,6.486515658235119
4.43767499999993,0.0,4.884252472275737
4.44014999999993,0.0,3.963563609986801
4.442624999999929,0.0,4.29323801782013
4.445099999999929,0.0,2.85548571310174
4.447574999999929,0.0,0.33990673804618066
4.450049999999928,0.0,-0.9845895538115704
4.452524999999928,0.0,-1.0111714941205168
4.454999999999927,0.0,0.9577061215771246
4.457474999999927,0.0,1.0971734993726685
4.459949999999926,0.0,0.36346646490553325
4.462424999999926,0.0,-0.9007806795797828
4.4648999999999255,0.0,-0.3990878382793532
4.467374999999925,0.0,0.7750167235467397
4.469849999999925,0.0,3.2362386341175005
4.472324999999924,0.0,3.7577759424016586
4.474799999999924,0.0,4.0833310796132585
4.477274999999923,0.0,7.108593867950188
4.479749999999923,0.0,7.694209493205942
4.482224999999922,0.0,8.843338159875772
4.484699999999922,0.0,7.376933216362978
4.4871749999999215,0.0,4.959411582967098
4.489649999999921,0.0,3.4417439858769985
4.492124999999921,0.0,3.456417033360801
4.49459999999992,0.0,3.5214422761278543
4.49707499999992,0.0,3.6486712423943497
4.499549999999919,0.0,2.7555829519710517
4.502024999999919,0.0,2.0455608631097038
4.5044999999999185,0.0,1.8703012472855591
4.506974999999918,0.0,3.3520331128751466
4.509449999999918,0.0,3.4368669287705904
4.511924999999917,0.0,2.5663738202812705
4.514399999999917,0.0,1.0561024880758745
4.516874999999916,0.0,0.9724984054981615
4.519349999999916,0.0,1.3907012378433048
4.521824999999915,0.0,2.3346782383477978
4.524299999999915,0.0,1.8203835479406454
4.5267749999999145,0.0,0.9386647591191623
4.529249999999914,0.0,0.3183975501097313
4.531724999999914,0.0,0.37850910437005464
4.534199999999913,0.0,0.5791115029996659
4.536674999999913,0.0,0.35015050017143134
4.539149999999912,0.0,-0.16214577935254912
4.541624999999912,0.0,-0.3998647189838932
4.544099999999911,0.0,-0.17981489841417636
4.546574999999911,0.0,-0.0870964809126966
4.5490499999999106,0.0,-0.15873996056770934
4.55152499999991,0.0,-0.562629421527399
4.55399999999991,0.0,-0.8237473851634629
4.556474999999909,0.0,-0.7448817012373066
4.558949999999909,0.0,-0.6042876005718683
4.561424999999908,0.0,-0.6693325112048449
4.563899999999908,0.0,-0.9281665439089197
4.5663749999999075,0.0,-1.4907388057356517
4.568849999999907,0.0,-1.5156022662583226
4.571324999999907,0.0,-1.4121910856421551
4.573799999999906,0.0,-1.02596828526085
4.576274999999906,0.0,-1.1574127307932698
4.578749999999905,0.0,-1.1934090229309775
4.581224999999905,0.0,-1.4668464460936654
4.583699999999904,0.0,-1.3606801252574166
4.586174999999904,0.0,-1.1254950623543583
4.5886499999999035,0.0,-1.2793649725276266
4.591124999999903,0.0,-1.5060838386389934
4.593599999999903,0.0,-1.6125009247659396
4.596074999999902,0.0,-1.5468717146157263
4.598549999999902,0.0,-1.1298031444890864
4.601024999999901,0.0,-1.026908245353768
4.603499999999901,0.0,-1.1439607299864407
4.6059749999999005,0.0,-1.4243417293194753
4.6084499999999,0.0,-1.4737629789483533
4.6109249999999,0.0,-1.2149633650096647
4.613399999999899,0.0,-1.2117779902222041
4.615874999999899,0.0,-1.566248660036242
4.618349999999898,0.0,-1.8933555918703087
4.620824999999898,0.0,-1.88326187917228
4.623299999999897,0.0,-1.5001425041370264
4.625774999999897,0.0,-1.3997527994255172
4.6282499999998965,0.0,-1.6954304814914376
4.630724999999896,0.0,-1.831251846689382
4.633199999999896,0.0,-2.066680299433402
4.635674999999895,0.0,-1.7594264392744283
4.638149999999895,0.0,-1.6636259032816625
4.640624999999894,0.0,-1.7300672323962187
4.643099999999894,0.0,-1.8182136905616277
4.645574999999893,0.0,-1.585998475415136
4.648049999999893,0.0,-1.2321096466351005
4.6505249999998926,0.0,-0.7952289795540807
4.652999999999892,0.0,-0.7962918638091206
4.655474999999892,0.0,-0.9870644269420454
4.657949999999891,0.0,-0.3685067652297696
4.660424999999891,0.0,0.1703165484774064
4.66289999999989,0.0,1.0870874079727058
4.66537499999989,0.0,1.7627097437138057
4.6678499999998895,0.0,2.1339434176158365
4.670324999999889,0.0,2.683874076661776
4.672799999999889,0.0,3.7178273106543687
4.675274999999888,0.0,4.0565577054091655
4.677749999999888,0.0,4.184962236412641
4.680224999999887,0.0,4.715836208455093
4.682699999999887,0.0,5.09142050444688
4.685174999999886,0.0,5.466325013432303
4.687649999999886,0.0,5.945255495938276
4.6901249999998855,0.0,5.3364638802774955
4.692599999999885,0.0,4.327346358726724
4.695074999999885,0.0,4.760798974139434
4.697549999999884,0.0,5.279713654450264
4.700024999999884,0.0,6.218259980202003
4.702499999999883,0.0,5.814223010247791
4.704974999999883,0.0,5.357723646894096
4.7074499999998825,0.0,5.057038444211035
4.709924999999882,0.0,4.7015882327238785
4.712399999999882,0.0,3.9721939515096336
4.714874999999881,0.0,3.4089890399952414
4.717349999999881,0.0,3.0585052105056123
4.71982499999988,0.0,3.4758342979064865
4.72229999999988,0.0,4.020419886586168
4.724774999999879,0.0,3.7091786124566744
4.727249999999879,0.0,3.020877796686153
4.7297249999998785,0.0,3.147381264547877
4.732199999999878,0.0,3.904377019071626
4.734674999999878,0.0,3.912806830311326
4.737149999999877,0.0,3.8565523084602154
4.739624999999877,0.0,2.9846218067686276
4.742099999999876,0.0,2.823746284697873
4.744574999999876,0.0,3.1135640080571663
4.747049999999875,0.0,3.825098555809094
4.749524999999875,0.0,3.885145861707374
4.7519999999998745,0.0,3.902542089129106
4.754474999999874,0.0,3.4706011704771687
4.756949999999874,0.0,2.9196809719262347
4.759424999999873,0.0,2.771168916232113
4.761899999999873,0.0,2.2079926870222217
4.764374999999872,0.0,1.8892568906277916
4.766849999999872,0.0,2.073397285467719
4.7693249999998715,0.0,2.43719134323054
4.771799999999871,0.0,2.287096024328454
4.774274999999871,0.0,2.159992440707323
4.77674999999987,0.0,1.5495289253227533
4.77922499999987,0.0,1.5056286095614164
4.781699999999869,0.0,1.7104325560519058
4.784174999999869,0.0,1.5012148126472793
4.786649999999868,0.0,1.0711080863928935
4.789124999999868,0.0,0.8786342528563744
4.7915999999998675,0.0,0.9575245216149634
4.794074999999867,0.0,1.3828634293683157
4.796549999999867,0.0,1.8660635597209962
4.799024999999866,0.0,1.9011157942936938
4.801499999999866,0.0,1.6660610310024848
4.803974999999865,0.0,0.5599394311826736
4.806449999999865,0.0,-0.6601861340495018
4.8089249999998644,0.0,-0.5245368626785042
4.811399999999864,0.0,0.10149294910117122
4.813874999999864,0.0,1.0762831936176913
4.816349999999863,0.0,1.0375948623297886
4.818824999999863,0.0,0.613306546415264
4.821299999999862,0.0,0.7523796654481991
4.823774999999862,0.0,1.2792137758776636
4.826249999999861,0.0,1.7175482260492239
4.828724999999861,0.0,1.8197744177426618
4.8311999999998605,0.0,1.5088582370472332
4.83367499999986,0.0,1.3288349821435643
4.83614999999986,0.0,1.9274092725689218
4.838624999999859,0.0,2.2986935092762724
4.841099999999859,0.0,2.3155964010607386
4.843574999999858,0.0,2.449489495902391
4.846049999999858,0.0,2.660533072861576
4.848524999999857,0.0,3.1657964513240486
4.850999999999857,0.0,4.345618133980425
4.8534749999998565,0.0,4.449959276857683
4.855949999999856,0.0,4.540893163323089
4.858424999999856,0.0,4.609183927431305
4.860899999999855,0.0,5.3120338011807675
4.863374999999855,0.0,5.988695829485002
4.865849999999854,0.0,6.254309539476612
4.868324999999854,0.0,6.504992552940657
4.8707999999998535,0.0,6.690550099470811
4.873274999999853,0.0,6.828286049468325
4.875749999999853,0.0,6.343042673693068
4.878224999999852,0.0,5.335156327770201
4.880699999999852,0.0,3.925507846437118
4.883174999999851,0.0,4.155603603180518
4.885649999999851,0.0,5.002822660563245
4.88812499999985,0.0,4.3892968584522105
4.89059999999985,0.0,3.3036009110545863
4.8930749999998495,0.0,2.565897292474444
4.895549999999849,0.0,2.6975154626277056
4.898024999999849,0.0,3.3954243587064643
4.900499999999848,0.0,4.188634145033727
4.902974999999848,0.0,4.044860569940611
4.905449999999847,0.0,4.0254559256089015
4.907924999999847,0.0,4.389707261254769
4.910399999999846,0.0,5.309692177842029
4.912874999999846,0.0,6.955718823995595
4.915349999999846,0.0,7.146048860144921
4.917824999999845,0.0,6.927068479785539
4.920299999999845,0.0,6.857410635095786
4.922774999999844,0.0,5.890067136319849
4.925249999999844,0.0,5.164201598052559
4.927724999999843,0.0,2.444110662366242
4.930199999999843,0.0,1.558625313318855
4.9326749999998425,0.0,0.8026687596615796
4.935149999999842,0.0,0.6801715541418974
4.937624999999842,0.0,0.5172765519865582
4.940099999999841,0.0,0.16443257858444046
4.942574999999841,0.0,0.048446256184475074
4.94504999999984,0.0,0.16203064045682206
4.94752499999984,0.0,0.1713130536849085
4.949999999999839,0.0,-0.06554049984517567
4.952474999999839,0.0,-0.2915619762101777
4.9549499999998385,0.0,-0.45118473717016183
4.957424999999838,0.0,0.12347424776957859
4.959899999999838,0.0,0.3693135575498706
4.962374999999837,0.0,0.47246659742560554
4.964849999999837,0.0,0.4319253892675101
4.967324999999836,0.0,0.26045437806901034
4.969799999999836,0.0,0.045877960690795284
4.9722749999998355,0.0,-0.11070447599300806
4.974749999999835,0.0,-0.3419723555968386
4.977224999999835,0.0,-0.3742178218013879
4.979699999999834,0.0,-0.10605548418202099
4.982174999999834,0.0,0.18752675066713748
4.984649999999833,0.0,0.5892561063007937
4.987124999999833,0.0,0.6340799103173433
4.989599999999832,0.0,0.6558784617314252
4.992074999999832,0.0,0.614626669966887
4.9945499999998315,0.0,0.8915868537672883
4.997024999999831,0.0,0.9345002524057864
4.999499999999831,0.0,0.9294418411855316
5.00197499999983,0.0,0.8708443028551723
5.00444999999983,0.0,0.9856514547427593
5.006924999999829,0.0,1.320489660777973
5.009399999999829,0.0,1.1963560888122666
5.011874999999828,0.0,1.1689094999470362
5.014349999999828,0.0,1.1396010197730604
5.016824999999828,0.0,1.0769326429408606
5.019299999999827,0.0,0.43011184812918835
5.021774999999827,0.0,-0.19845593785085697
5.024249999999826,0.0,-0.6087644985558841
5.026724999999826,0.0,-0.37838495089689617
5.029199999999825,0.0,-0.11089295970825143
5.031674999999825,0.0,-0.00493315146434378
5.0341499999998245,0.0,-0.3465238275725447
5.036624999999824,0.0,-0.5222365418582349
5.039099999999824,0.0,0.09693901864222268
5.041574999999823,0.0,0.33839567229609624
5.044049999999823,0.0,0.3351004852571503
5.046524999999822,0.0,0.018347865344779054
5.048999999999822,0.0,-0.18528502362804314
5.051474999999821,0.0,-0.2880086484308074
5.053949999999821,0.0,-0.15011396236529922
5.0564249999998205,0.0,-0.06915610920003207
5.05889999999982,0.0,0.046461440713598895
5.06137499999982,0.0,0.16533402243990405
5.063849999999819,0.0,0.219960700586914
5.066324999999819,0.0,0.2559471587916521
5.068799999999818,0.0,0.36711649302576776
5.071274999999818,0.0,0.4908699834822181
5.0737499999998175,0.0,0.6552531874934839
5.076224999999817,0.0,0.996189907059267
5.078699999999817,0.0,1.178736958909913
5.081174999999816,0.0,1.4573241669200143
5.083649999999816,0.0,2.0537703942508987
5.086124999999815,0.0,2.206232740818572
5.088599999999815,0.0,2.1650706017429338
5.091074999999814,0.0,2.1433625225121773
5.093549999999814,0.0,2.0400890989070195
5.0960249999998135,0.0,1.8899528052842367
5.098499999999813,0.0,1.7514607077908628
5.100974999999813,0.0,1.8999376071746057
5.103449999999812,0.0,1.7087333343843576
5.105924999999812,0.0,1.4303134671336164
5.108399999999811,0.0,1.4446484731716147
5.110874999999811,0.0,1.4823386602631896
5.11334999999981,0.0,2.449687649651714
5.11582499999981,0.0,2.637979029547168
5.11829999999981,0.0,2.5474848837843402
5.120774999999809,0.0,1.919016420527291
5.123249999999809,0.0,2.101521186466162
5.125724999999808,0.0,2.7010056073877644
5.128199999999808,0.0,4.160044418825491
5.130674999999807,0.0,4.241511776252812
5.133149999999807,0.0,3.4332043623858213
5.1356249999998065,0.0,0.6302209111215252
5.138099999999806,0.0,0.0028586014245656657
5.140574999999806,0.0,0.03178429575775273
5.143049999999805,0.0,1.6969647390028826
5.145524999999805,0.0,2.2925790975540683
5.147999999999804,0.0,1.9779530656461775
5.150474999999804,0.0,1.2444835206602367
5.152949999999803,0.0,1.4853953744276425
5.155424999999803,0.0,1.637386347808342
5.1578999999998025,0.0,2.052088873662693
5.160374999999802,0.0,1.8320450354021844
5.162849999999802,0.0,1.5556648897480536
5.165324999999801,0.0,0.889304561824141
5.167799999999801,0.0,0.12994874533732814
5.1702749999998,0.0,-0.4903164149360728
5.1727499999998,0.0,-0.5644110023835528
5.1752249999997995,0.0,-0.19304006316719766
5.177699999999799,0.0,0.04666664211488604
5.180174999999799,0.0,-0.1732204268642084
5.182649999999798,0.0,-0.6751353511508265
5.185124999999798,0.0,-1.0379886293263128
5.187599999999797,0.0,-0.5638521071931818
5.190074999999797,0.0,-0.48495937995135047
5.192549999999796,0.0,-0.5544926614901708
5.195024999999796,0.0,-1.0524207454523717
5.1974999999997955,0.0,-1.0554323874240517
5.199974999999795,0.0,-0.886568187956686
5.202449999999795,0.0,-0.36938501739333596
5.204924999999794,0.0,-0.235779647040458
5.207399999999794,0.0,-0.1777328089563499
5.209874999999793,0.0,0.11581943239725395
5.212349999999793,0.0,0.4012426989105856
5.214824999999792,0.0,0.5967226838061976
5.217299999999792,0.0,0.779418801690775
5.2197749999997916,0.0,1.0836611075639657
5.222249999999791,0.0,1.5451124240770429
5.224724999999791,0.0,2.129987718079146
5.22719999999979,0.0,2.80347625426492
5.22967499999979,0.0,2.7408068940394057
5.232149999999789,0.0,2.6706195740087186
5.234624999999789,0.0,2.821411463162761
5.2370999999997885,0.0,2.9734988910359936
5.239574999999788,0.0,3.188841535691354
5.242049999999788,0.0,2.5625025286692487
5.244524999999787,0.0,2.5404224809239473
5.246999999999787,0.0,2.0482594582152167
5.249474999999786,0.0,0.7776053425018941
5.251949999999786,0.0,0.43030360982206667
5.254424999999785,0.0,0.3105304037347148
5.256899999999785,0.0,0.5991514194011605
5.2593749999997845,0.0,0.7391644985270213
5.261849999999784,0.0,0.4905512001551413
5.264324999999784,0.0,-0.4748795986583757
5.266799999999783,0.0,-0.37916592907350416
5.269274999999783,0.0,-0.08382915668381827
5.271749999999782,0.0,0.5204553708187084
5.274224999999782,0.0,0.6323253727768401
5.2766999999997815,0.0,0.8012797166297515
5.279174999999781,0.0,1.0344111265311535
5.281649999999781,0.0,1.317566933950209
5.28412499999978,0.0,1.179028125275245
5.28659999999978,0.0,1.0017157578933014
5.289074999999779,0.0,1.0658067770283226
5.291549999999779,0.0,1.063652326213758
5.294024999999778,0.0,1.4621986835937388
5.296499999999778,0.0,1.6435749237750161
5.2989749999997775,0.0,1.5348812821658002
5.301449999999777,0.0,1.6632616380840395
5.303924999999777,0.0,1.6516928354407214
5.306399999999776,0.0,1.7965040543609336
5.308874999999776,0.0,1.392077824560055
5.311349999999775,0.0,1.1587505554936743
5.313824999999775,0.0,0.8950724913080667
5.316299999999774,0.0,0.8518343270332837
5.318774999999774,0.0,0.818007236609595
5.3212499999997736,0.0,0.7184616111445641
5.323724999999773,0.0,0.694692995159085
5.326199999999773,0.0,1.1996670920934063
5.328674999999772,0.0,0.8122666782390916
5.331149999999772,0.0,0.2683125100054496
5.333624999999771,0.0,0.10875858657626204
5.336099999999771,0.0,-0.11016852664621157
5.3385749999997705,0.0,0.2677757411642444
5.34104999999977,0.0,0.1948005830863725
5.34352499999977,0.0,-0.10963585527707438
5.345999999999769,0.0,0.8400163980880861
5.348474999999769,0.0,1.6864279256751924
5.350949999999768,0.0,2.397279998479091
5.353424999999768,0.0,2.105540314870511
5.355899999999767,0.0,1.2361378714968578
5.358374999999767,0.0,0.6860186467862267
5.3608499999997665,0.0,2.0809472875044843
5.363324999999766,0.0,1.9871323864769792
5.365799999999766,0.0,1.5597029484733416
5.368274999999765,0.0,-0.14247791341505642
5.370749999999765,0.0,-0.8256059984945656
5.373224999999764,0.0,-0.4697217008162672
5.375699999999764,0.0,0.8472967864626154
5.3781749999997635,0.0,0.5850020288479503
5.380649999999763,0.0,-0.1896168711007709
5.383124999999763,0.0,-0.8620964457639402
5.385599999999762,0.0,-0.8696743106107812
5.388074999999762,0.0,-0.42587793016948233
5.390549999999761,0.0,-0.21185876899286135
5.393024999999761,0.0,-0.5541607662524649
5.39549999999976,0.0,-0.9151816549181149
5.39797499999976,0.0,-0.8872598412421572
5.4004499999997595,0.0,-0.7307183792790425
5.402924999999759,0.0,-0.6476650788970376
5.405399999999759,0.0,-0.7770427595171877
5.407874999999758,0.0,-1.0162138432502386
5.410349999999758,0.0,-0.9099213202742323
5.412824999999757,0.0,-0.8111181567483472
5.415299999999757,0.0,-0.6722138535646998
5.417774999999756,0.0,-0.4423759917134101
5.420249999999756,0.0,0.5547487535639963
5.4227249999997555,0.0,1.0477188963211357
5.425199999999755,0.0,1.3582171348653889
5.427674999999755,0.0,1.2086086775946832
5.430149999999754,0.0,0.35777753468311313
5.432624999999754,0.0,-0.28457824481354316
5.435099999999753,0.0,-0.38970462723835075
5.437574999999753,0.0,-0.12211757469766756
5.4400499999997525,0.0,0.2027636103078039
5.442524999999752,0.0,-0.169936712747066
5.444999999999752,0.0,-0.6949835058594345
5.447474999999751,0.0,-1.1532415042256852
5.449949999999751,0.0,-0.7282254772714778
5.45242499999975,0.0,-0.502489184962567
5.45489999999975,0.0,-0.4813626189680249
5.457374999999749,0.0,-0.49911696544870465
5.459849999999749,0.0,-0.4840530191293939
5.4623249999997485,0.0,-0.3698605700018189
5.464799999999748,0.0,-0.366194151993296
5.467274999999748,0.0,-0.2722464928707311
5.469749999999747,0.0,0.09157296921893926
5.472224999999747,0.0,1.196784274643616
5.474699999999746,0.0,1.562570687225914
5.477174999999746,0.0,1.777192012898012
5.4796499999997454,0.0,1.397743890888309
5.482124999999745,0.0,1.1100331696170227
5.484599999999745,0.0,0.9973436732448449
5.487074999999744,0.0,0.7044457981808468
5.489549999999744,0.0,0.578841889337446
5.492024999999743,0.0,0.45158342127204115
5.494499999999743,0.0,0.7302688866623752
5.496974999999742,0.0,0.9115230221759629
5.499449999999742,0.0,1.1090105225377034
