num_cross_val,test_fraction,running avg sample length,input data window length,diffs added,lp,ds,cl,avg r2,r2 std,avg MSE,MSE std,r2 0,r2 1,r2 2,r2 3,r2 4,r2 5,r2 6,r2 7,r2 8,r2 9,r2 10,r2 11,r2 12,r2 13,r2 14,r2 15,r2 16,r2 17,r2 18,r2 19,r2 20,r2 21,r2 22,r2 23,r2 24,r2 25,r2 26,r2 27,r2 28,r2 29,r2 30,r2 31,r2 32,r2 33,r2 34,r2 35,r2 36,r2 37,r2 38,r2 39,r2 40,r2 41,r2 42,r2 43,r2 44,r2 45,r2 46,r2 47,r2 48,r2 49,r2 50,r2 51,r2 52,r2 53,r2 54,r2 55,r2 56,r2 57,r2 58,r2 59,r2 60,r2 61,r2 62,r2 63,r2 64,r2 65,r2 66,r2 67,r2 68,r2 69,r2 70,r2 71,r2 72,r2 73,r2 74,r2 75,r2 76,r2 77,r2 78,r2 79,r2 80,r2 81,r2 82,r2 83,r2 84,r2 85,r2 86,r2 87,r2 88,r2 89,r2 90,r2 91,r2 92,r2 93,r2 94,r2 95,r2 96,r2 97,r2 98,r2 99,mse 0,mse 1,mse 2,mse 3,mse 4,mse 5,mse 6,mse 7,mse 8,mse 9,mse 10,mse 11,mse 12,mse 13,mse 14,mse 15,mse 16,mse 17,mse 18,mse 19,mse 20,mse 21,mse 22,mse 23,mse 24,mse 25,mse 26,mse 27,mse 28,mse 29,mse 30,mse 31,mse 32,mse 33,mse 34,mse 35,mse 36,mse 37,mse 38,mse 39,mse 40,mse 41,mse 42,mse 43,mse 44,mse 45,mse 46,mse 47,mse 48,mse 49,mse 50,mse 51,mse 52,mse 53,mse 54,mse 55,mse 56,mse 57,mse 58,mse 59,mse 60,mse 61,mse 62,mse 63,mse 64,mse 65,mse 66,mse 67,mse 68,mse 69,mse 70,mse 71,mse 72,mse 73,mse 74,mse 75,mse 76,mse 77,mse 78,mse 79,mse 80,mse 81,mse 82,mse 83,mse 84,mse 85,mse 86,mse 87,mse 88,mse 89,mse 90,mse 91,mse 92,mse 93,mse 94,mse 95,mse 96,mse 97,mse 98,mse 99
100,0.5,40,3,False,"('Linear', None)","('StandardScaler', StandardScaler())","('Linear or Poly Fit', LinearRegression())",0.6883976341468235,0.004748121542853466,33.410815304799364,0.4600562355687485,0.6737069564548688,0.684263331192372,0.6848148125219108,0.6892662976996229,0.6872532540781022,0.6864489840137377,0.6898031993586475,0.6927143378586198,0.6908520652120493,0.6889174204287147,0.6902516632131662,0.6784181711313112,0.6891607064915948,0.6922519674071402,0.6880481690526503,0.6937568028855561,0.6851709875984362,0.6900170944468453,0.693782156115992,0.6936267117312229,0.6920810221499101,0.6931205654059501,0.6870653440148857,0.6825740442695423,0.689750966527245,0.6731484005813939,0.6927457415679732,0.6883995464251451,0.6914567739375643,0.6792672024187553,0.6844589755184145,0.6886846790888733,0.6883726769802729,0.6909695440843386,0.6876337316127377,0.6917446266457039,0.6920516535889367,0.6901982040157371,0.6919013116724881,0.6950499521241501,0.6920512205304457,0.6852019818192241,0.6935269287248115,0.6951436776878022,0.6947576744714933,0.6890038606590765,0.692165198692974,0.6914651260453981,0.6809262490110077,0.6918615082484412,0.6870246878703774,0.6923585641980647,0.6862384976885282,0.6939248766959989,0.6940970048187322,0.6898418309446701,0.6943424081869274,0.6833718551905312,0.6931875427553824,0.6940114631471529,0.6835228434642688,0.686442852525988,0.6855603536179453,0.6904110734301977,0.683690403221074,0.6889998544734617,0.6838209734071203,0.6893005369847236,0.688117944995849,0.6894607223027989,0.6894721465110609,0.6843581809511216,0.6859639929249883,0.6816549297774437,0.6881938276965394,0.6867024539788988,0.6914435742854429,0.6892972531867785,0.6925993232478072,0.6879845631950222,0.691931052828012,0.6895344056702202,0.6900127376634091,0.6844705838999376,0.6872431567280801,0.6899027618096691,0.6849267212386935,0.6887445903318901,0.6914257662063441,0.69194995573631,0.6884408393605481,0.6864717504779716,0.6853522404654251,0.6907348992119849,0.6924393739615224,0.6878198744337458,0.6821156383975554,0.6855154704938727,0.6892381359323521,0.6667934467466453,34.34531270057561,34.03781821512514,33.689202124273656,33.10914505210279,33.82900458258321,33.90041722458201,33.12284264193978,32.94283172150047,33.025986854576935,33.307047331302094,32.83159451232044,33.897804324713235,33.76256881730839,33.321480911072484,33.113246183731796,33.14089282085673,33.91786118247691,33.094275326810475,33.07988244804684,33.03209717403785,32.544352198874414,33.60266167785422,33.75349761098157,33.91710996354291,33.02966895550841,34.68564543564273,33.781993159130636,33.50542472119948,32.950389720326264,34.01061213436941,33.812207720172246,33.62379916035735,32.852394747987965,33.25740004769086,33.279607299739425,33.24618843588605,33.05341053325778,33.262769732989895,32.78636723013725,33.18809950300646,32.76884997636898,33.85860901343663,32.910061902598635,32.99425110049117,33.40547209170514,33.35161645873826,32.947349809002226,32.991587905232514,33.40893651284742,33.35518167315165,33.41968656262205,33.04532820930284,33.24002161338129,33.206739730707554,33.100099555436806,33.213343610017446,33.539548100428284,34.11334309700657,32.93775781684617,32.632336189518206,34.30078555670925,33.484578295438475,33.6387643524128,33.34988561447249,33.11987461375255,33.44999177080846,33.956901226182296,32.889046141076754,33.43980665078412,32.968390700578745,33.98956329670333,33.85534144684342,33.32066424369332,34.07540935378139,33.10095294669227,34.02632572397075,33.28278278014503,33.08794683875097,32.67324184920484,33.33834814074689,32.864100178505964,33.26415803602421,33.27674765075015,33.68267763614141,33.57664852350944,32.804535965618726,33.40404505482407,33.266553073255004,33.201136413196906,33.45149405317424,33.46521582583346,33.443773498877654,33.743632541263146,33.585564205374546,33.41276189115939,33.40665369077058,34.16247543705097,33.8597710431462,33.4106787584045,35.36527239287471
100,0.5,40,3,False,"('Linear', None)","('StandardScaler', StandardScaler())","('FFNN (relu) (N,N,)', MLPRegressor(hidden_layer_sizes=(3, 3), max_iter=800))",0.7576076559363116,0.08249278104680674,25.99677933723246,8.905615334293833,0.8031474756737217,0.7125601370067731,0.7219920327223052,0.7841058924781368,0.7974330161413699,0.80032454159113,0.7860169340524447,0.7037823829288097,0.7680110021991505,0.7851520927700768,0.8033235848840953,0.7438557184661096,0.725820612827839,0.7097539864274254,0.7963571650990008,0.7909359657900106,0.7569976987351319,0.7675363263336265,0.7696797167148397,-5.334983911087221e-06,0.7949793928518922,0.7999776422906161,0.7044324633194454,0.7373806835981522,0.7584870973334443,0.7987076582248616,0.7572304659763348,0.7992345530427951,0.7902266524495098,0.7730351814400916,0.7809945358221866,0.7555688395763357,0.7616241025315278,0.7560236705866887,0.7574500188393352,0.7461540230829222,0.7943964202067184,0.7865176375778758,0.7153321789550868,0.8044983720987818,0.7925967576588487,0.7104168026295408,0.7879773728109463,0.7200756927119751,0.7952694803175471,0.7918553827594993,0.8019174594182769,0.7016995755743269,0.7616051015733744,0.7598545548063622,0.7054343025091155,0.7593886359395894,0.7584944054104525,0.8103382777054671,0.7535920792269754,0.7458963142888297,0.7848700670518607,0.6984822800557984,0.7961181591988044,0.803636738745322,0.7440299423608403,0.7650984621328757,0.7547740965903479,0.7989659054907253,0.7316741517754629,0.7984951819239124,0.7394242206275286,0.7564313659374077,0.7861043968249226,0.7902396268105806,0.7516276461049664,0.7684333021239986,0.7424450046223635,0.7929203007886874,0.6979984997236499,0.7432430919388906,0.7878181321983381,0.7970808106864931,0.760546250051504,0.7811732326103757,0.7532691519732726,0.7911420709692237,0.7904093583889376,0.7836298537406663,0.8004504358847455,0.7982060574149159,0.7456758037440219,0.7540345297072251,0.7495316321672136,0.7023975189828702,0.7559776332188533,0.7040119950314323,0.7500501141591333,0.8003714010128762,0.7494848700904042,0.7937781788772971,0.7072657648907534,0.7970883678517005,0.8019669616546447,0.804948294491513,20.7205199057471,30.987296601602587,29.715440235997153,23.003843062140124,21.911145406273757,21.588452929353423,22.849131282999544,31.756272141426425,24.783169252068884,23.003375582779785,20.84660204540819,27.00006018647118,29.78066358086486,31.42644623684208,21.616399253537146,22.62440052785878,26.179665776200515,24.818197010149596,24.88087500008632,107.81708022393278,21.668891257178284,21.90203336045082,31.88025983196111,28.06099524046346,25.711897098499033,21.361237968980298,26.692026269986204,21.587682214418386,22.402415515443487,24.067424567745427,23.467814553746305,26.399935032316083,25.130078473717187,26.25637128684858,25.841356575604177,27.377985630689505,22.068309861756134,22.92115396149131,30.292968042305358,21.27668949383762,22.069792725259408,31.146588257733814,22.76767011375675,30.295887629103625,22.40554172731778,22.321690091934126,21.20063984933517,31.897219748506735,24.961376490028524,25.995113128780837,31.453897162880263,25.845287958489966,25.585201258821062,20.576802783337993,26.662461098173473,27.21073912643394,23.60602493514587,32.48535418881718,21.88767286658266,20.94128107686079,27.74283664618314,25.0849932772862,26.23427571179081,21.65602022907535,28.095633326726663,21.67309116531656,27.9852401895077,25.782922076726496,22.933758127033748,22.269202105735147,27.186185551523003,24.837550511949235,27.32776921091825,22.165650357174673,32.06010123734484,27.88561320227672,22.88723367071007,21.609655586997363,25.451246127454798,23.381288529994766,26.320690160801096,22.377626652493994,22.49929509450966,23.097453088895904,21.423050275168737,21.347357641132326,26.963431947215696,26.288453525699683,26.949218492325368,32.316981637674274,26.210948681146547,31.57277154975458,26.805266670325963,21.679261938794355,27.215455026271787,22.067967809385983,31.45963540355121,21.84699329191856,21.290959389621822,20.702043908354547
100,0.5,40,3,False,"('Linear', None)","('RangeScaler', StandardScaler(with_mean=False))","('Linear or Poly Fit', LinearRegression())",0.6883976341468234,0.004748121542853469,33.41081530479935,0.4600562355687522,0.6737069564548683,0.6842633311923719,0.6848148125219109,0.6892662976996229,0.6872532540781018,0.6864489840137376,0.6898031993586478,0.6927143378586198,0.6908520652120498,0.6889174204287143,0.6902516632131659,0.6784181711313109,0.6891607064915947,0.6922519674071397,0.6880481690526503,0.6937568028855563,0.6851709875984366,0.6900170944468456,0.6937821561159918,0.6936267117312227,0.6920810221499107,0.6931205654059505,0.6870653440148855,0.6825740442695423,0.6897509665272451,0.6731484005813937,0.6927457415679728,0.6883995464251443,0.6914567739375644,0.679267202418754,0.6844589755184147,0.6886846790888733,0.6883726769802728,0.6909695440843382,0.687633731612738,0.6917446266457041,0.6920516535889368,0.6901982040157372,0.6919013116724877,0.6950499521241507,0.6920512205304455,0.6852019818192244,0.6935269287248119,0.6951436776878015,0.6947576744714936,0.6890038606590765,0.692165198692974,0.6914651260453983,0.6809262490110094,0.6918615082484412,0.687024687870379,0.6923585641980643,0.6862384976885282,0.6939248766959991,0.6940970048187327,0.6898418309446706,0.6943424081869274,0.6833718551905303,0.6931875427553826,0.6940114631471535,0.6835228434642691,0.6864428525259879,0.6855603536179457,0.6904110734301981,0.6836904032210751,0.6889998544734628,0.6838209734071204,0.689300536984723,0.688117944995849,0.689460722302799,0.6894721465110611,0.6843581809511214,0.6859639929249879,0.6816549297774441,0.6881938276965388,0.6867024539788986,0.6914435742854428,0.6892972531867785,0.6925993232478069,0.6879845631950223,0.6919310528280123,0.6895344056702202,0.6900127376634089,0.6844705838999376,0.68724315672808,0.6899027618096689,0.6849267212386934,0.6887445903318898,0.6914257662063441,0.69194995573631,0.6884408393605481,0.6864717504779712,0.6853522404654251,0.6907348992119849,0.6924393739615224,0.6878198744337475,0.6821156383975547,0.6855154704938728,0.6892381359323522,0.6667934467466461,34.345312700575654,34.03781821512515,33.68920212427364,33.1091450521028,33.82900458258325,33.90041722458202,33.12284264193977,32.942831721500475,33.025986854576885,33.307047331302144,32.83159451232047,33.89780432471327,33.762568817308406,33.321480911072534,33.11324618373179,33.140892820856706,33.917861182476855,33.09427532681045,33.07988244804685,33.03209717403787,32.54435219887434,33.60266167785419,33.75349761098158,33.91710996354292,33.02966895550841,34.68564543564276,33.78199315913067,33.505424721199574,32.95038972032624,34.010612134369545,33.812207720172225,33.62379916035735,32.85239474798799,33.25740004769089,33.27960729973938,33.24618843588602,33.053410533257775,33.26276973298989,32.786367230137294,33.18809950300641,32.768849976369,33.8586090134366,32.91006190259858,32.99425110049124,33.405472091705114,33.35161645873826,32.947349809002226,32.99158790523251,33.40893651284725,33.35518167315165,33.41968656262187,33.045328209302895,33.24002161338129,33.20673973070754,33.10009955543674,33.213343610017404,33.5395481004283,34.113343097006656,32.937757816846144,32.63233618951815,34.300785556709215,33.48457829543848,33.63876435241276,33.34988561447244,33.11987461375244,33.44999177080833,33.95690122618228,32.88904614107681,33.439806650784114,32.96839070057873,33.98956329670332,33.85534144684343,33.320664243693365,34.07540935378135,33.100952946692324,34.02632572397077,33.282782780145034,33.08794683875097,32.673241849204864,33.33834814074688,32.86410017850593,33.2641580360242,33.27674765075017,33.68267763614141,33.57664852350944,32.804535965618754,33.40404505482407,33.266553073255025,33.201136413196906,33.45149405317424,33.465215825833454,33.44377349887769,33.74363254126314,33.585564205374546,33.412761891159384,33.406653690770405,34.16247543705104,33.8597710431462,33.410678758404494,35.36527239287464
100,0.5,40,3,False,"('Linear', None)","('RangeScaler', StandardScaler(with_mean=False))","('FFNN (relu) (N,N,)', MLPRegressor(hidden_layer_sizes=(3, 3), max_iter=800))",0.7122710137548597,0.1655877769471171,30.85640737188369,17.779166665637074,0.7963400691747425,0.7270261403428225,0.7535490076851472,0.7278532208383656,0.7312533461138285,0.7881147987623753,0.7339803503157953,0.7392330164366507,0.7443064609305613,0.7006431752370407,0.7324394711635747,0.6910016762337503,0.7743823767478624,0.7267491682247444,0.7243634803827563,0.7727053494844802,0.7872132845275506,0.7357275526024338,0.7485206723610723,0.7723582461451967,0.7430392882006509,0.751019178809513,0.7590332143763101,0.694216754961873,0.750735416256564,0.7867708939380087,0.7013734471089135,0.7386103840693681,0.7537913638184759,0.6954541288971567,0.7477407480762568,0.7806476294146508,0.7262222318469144,0.7283713095749345,0.8052499029424497,0.729045086324366,0.7735107193865141,0.7473533437313735,0.7310012295471948,0.7362084903559436,0.8015490385407471,0.750378541208544,0.7503989432002749,0.7869201929024285,0.722883935739613,0.7659455586416931,0.7428794978289354,0.7854949340226332,0.7427354547560372,0.7577073339666169,0.7471712148637575,0.7321935785350434,0.7975105342105206,0.7890887064741021,0.7549767170847642,0.7405906689552851,0.7328599280396795,0.7250588306754774,0.7569428922787966,0.8000571733820304,0.7634585565657693,0.784200272453983,0.7637035924915481,0.7807028524531444,0.746104991892719,0.7486324951135037,0.7495828753843956,0.7326319619410393,0.7513163524764535,0.7280559555057667,0.7539870179496739,0.7408497383657504,0.692832842302375,0.7326132633200424,0.7236530783501415,-0.00016904793797500872,0.00020077893546022185,0.7520891725266294,0.775500602210591,-1.4201994693818776e-05,-9.25143655172711e-05,0.7694856806047252,0.7494302445705052,0.7911460006623193,0.7906406475799393,0.7985155514124107,0.6917186222105333,0.6984961140469085,0.7529863833183543,0.7723960176124158,0.777163443282511,-0.00015909257339097316,0.7425315298650701,0.7237623993109119,0.7457935162215557,0.7502682971648903,0.7282494383318692,0.7192358358768145,0.7587552307867123,0.7763455786049375,21.43706139969725,29.4277970549983,26.342409553748695,28.997650142291004,29.06962871530437,22.908542340633677,28.40560243669779,27.95575556043453,27.315503388045514,32.051592040509576,28.359922385329597,32.57138238357898,24.506009023089856,29.586289466160856,29.258427186001256,24.59727341689788,22.924412911679614,28.214153034853016,27.16662912550809,24.54353829829815,27.15850761930893,27.262883580992078,25.99095903031596,32.67308094922748,26.537154979086505,22.62797300848782,32.83339413547375,28.10640998429462,26.29346499750926,32.29414508685765,27.031167308257988,23.691285197028837,28.862216654920637,29.23227743081151,20.748740845558288,29.22323143848553,24.31006128380634,27.126142134114865,28.625543719114624,28.708763717523436,21.11717992494063,26.848438955959512,26.802962479065968,23.0613838233664,30.327356911546644,25.100292161791806,27.519432800085525,22.936994608108048,26.93714174989792,26.227544139898484,26.997205293183924,28.766447116590612,21.45181664971341,22.882213865597755,26.512636965481082,27.77889511623947,29.313053341545857,29.622011164874607,26.093321704343964,21.323026032239493,25.637102580564836,23.045122496363412,25.27899792839914,23.623373314092888,26.584621267270634,27.03613194671145,26.894224001979246,28.30220450023103,26.663711351678963,28.87092922372137,26.927934905871968,27.796128599511373,32.59184774275707,28.62086886337381,29.33664328361244,108.6254209022088,107.84445736752444,26.400990542644884,23.861766332047857,106.84991086716133,106.68761289184167,24.697953299733733,26.898352072556253,22.29510649010008,22.476200097742367,21.314616920733748,32.6839682302733,32.2243235372072,26.577503515243468,24.7157674705599,23.935336868705292,106.68606164152801,27.61157892891207,29.998844519612597,27.61647621505172,26.723996273261672,29.204556780313567,30.22918274950045,25.936745844001067,23.737827054358927
100,0.5,40,3,False,"('Linear', None)","('ScaleControl', None)","('Linear or Poly Fit', LinearRegression())",0.6883976341468235,0.004748121542853403,33.41081530479936,0.46005623556874126,0.6737069564548697,0.6842633311923716,0.6848148125219109,0.689266297699623,0.6872532540781024,0.6864489840137381,0.6898031993586475,0.6927143378586198,0.6908520652120493,0.6889174204287152,0.6902516632131663,0.6784181711313104,0.6891607064915946,0.6922519674071401,0.6880481690526504,0.6937568028855561,0.6851709875984362,0.6900170944468452,0.6937821561159918,0.6936267117312229,0.6920810221499101,0.6931205654059504,0.6870653440148857,0.6825740442695418,0.6897509665272452,0.6731484005813939,0.6927457415679732,0.6883995464251456,0.6914567739375644,0.6792672024187558,0.6844589755184145,0.6886846790888734,0.6883726769802729,0.6909695440843384,0.6876337316127373,0.6917446266457037,0.6920516535889367,0.6901982040157366,0.6919013116724881,0.6950499521241501,0.6920512205304459,0.6852019818192248,0.6935269287248117,0.6951436776878019,0.6947576744714931,0.6890038606590763,0.6921651986929737,0.6914651260453983,0.6809262490110077,0.6918615082484414,0.6870246878703772,0.6923585641980645,0.6862384976885283,0.6939248766959989,0.6940970048187323,0.6898418309446701,0.6943424081869276,0.683371855190531,0.6931875427553822,0.6940114631471528,0.6835228434642688,0.6864428525259877,0.6855603536179461,0.6904110734301976,0.6836904032210736,0.6889998544734621,0.6838209734071201,0.6893005369847232,0.688117944995849,0.6894607223027991,0.6894721465110611,0.6843581809511216,0.685963992924989,0.6816549297774431,0.6881938276965394,0.6867024539788984,0.6914435742854428,0.6892972531867784,0.6925993232478069,0.6879845631950221,0.691931052828012,0.6895344056702202,0.6900127376634092,0.684470583899937,0.6872431567280803,0.6899027618096691,0.6849267212386934,0.6887445903318903,0.6914257662063441,0.6919499557363098,0.6884408393605482,0.6864717504779716,0.6853522404654248,0.6907348992119849,0.6924393739615224,0.6878198744337457,0.6821156383975553,0.6855154704938726,0.6892381359323521,0.6667934467466465,34.34531270057552,34.03781821512518,33.68920212427364,33.10914505210278,33.82900458258319,33.90041722458196,33.12284264193978,32.942831721500475,33.02598685457694,33.30704733130205,32.83159451232042,33.89780432471332,33.76256881730841,33.32148091107249,33.11324618373178,33.14089282085673,33.9178611824769,33.09427532681048,33.07988244804686,33.03209717403784,32.54435219887442,33.6026616778542,33.75349761098156,33.91710996354296,33.029668955508406,34.68564543564273,33.78199315913063,33.50542472119945,32.95038972032624,34.01061213436935,33.81220772017225,33.62379916035734,32.85239474798797,33.257400047690865,33.27960729973945,33.24618843588606,33.05341053325779,33.26276973298994,32.786367230137245,33.18809950300646,32.76884997636896,33.85860901343656,32.910061902598606,32.994251100491184,33.405472091705164,33.35161645873828,32.947349809002255,32.9915879052325,33.408936512847426,33.355181673151634,33.41968656262206,33.04532820930287,33.24002161338127,33.206739730707554,33.1000995554368,33.21334361001744,33.53954810042826,34.11334309700659,32.93775781684619,32.63233618951822,34.300785556709236,33.4845782954385,33.63876435241271,33.349885614472505,33.11987461375259,33.449991770808396,33.95690122618231,32.8890461410768,33.439806650784114,32.96839070057872,33.98956329670332,33.855341446843426,33.32066424369325,34.07540935378145,33.10095294669227,34.02632572397079,33.282782780145034,33.08794683875098,32.67324184920487,33.3383481407469,32.86410017850596,33.26415803602421,33.27674765075013,33.682677636141484,33.57664852350941,32.80453596561874,33.40404505482409,33.26655307325499,33.20113641319692,33.45149405317425,33.46521582583345,33.443773498877654,33.743632541263175,33.585564205374546,33.412761891159384,33.40665369077059,34.16247543705097,33.859771043146225,33.410678758404515,35.36527239287458
100,0.5,40,3,False,"('Linear', None)","('ScaleControl', None)","('FFNN (relu) (N,N,)', MLPRegressor(hidden_layer_sizes=(3, 3), max_iter=800))",0.7470602526729607,0.02450014682209822,27.119193265600135,2.6045988167724845,0.7205784010702074,0.7306541952583911,0.7121727909308448,0.7403830981247248,0.7045176443465523,0.7878185033639646,0.7261887403366678,0.7524589931262264,0.7462880105258608,0.7804011215980649,0.7220608100760284,0.7058910476382576,0.7110137080224321,0.7392019630064357,0.7365715696221489,0.7753694693073496,0.7350134746047714,0.7244490005439304,0.7930245400795315,0.7807409198711819,0.7626964573872653,0.7324865296858054,0.7766095576583555,0.7680683972506264,0.7852807064878424,0.7413023811846602,0.7730597633698273,0.7771731800710631,0.7059048428717846,0.7264392123118919,0.7852026915449531,0.7526169112934075,0.7192346434397063,0.7617624335998465,0.720273251789276,0.73471839330125,0.696859598741353,0.738068085158099,0.735784154225821,0.7737895232425023,0.7664300833448511,0.7785626442073977,0.7470658169255532,0.7276158656690062,0.7249477836720712,0.7678752886273509,0.7802276619290279,0.7475856232114519,0.7640445965720303,0.7704649791143863,0.7424624050450338,0.7321753290650321,0.7587797370038061,0.7643961040655869,0.7470799884463493,0.7141255674263597,0.7758266157401563,0.7642062713290649,0.7466881897435576,0.7255172853966918,0.7200680577509848,0.6946258472898974,0.7775876768606306,0.7362761787147021,0.7664840485168959,0.7142810041647606,0.7557447591738239,0.7369332074967447,0.7605418735704351,0.7306407591680764,0.7576746861878991,0.711915457410752,0.7202282986498472,0.7825823756849566,0.718194451644782,0.7798073890547814,0.7405622763058097,0.7582921970763902,0.7402429682318016,0.7720504467086983,0.7669809300379526,0.7341881632181719,0.7751229082242466,0.7390015578005917,0.7081858106332819,0.7735674525304271,0.7698605094733854,0.7725022306529961,0.7240809625291146,0.7477011897592962,0.7601684615427919,0.7220133732588674,0.7260754754689334,0.7381265150595627,0.7707746397810664,0.7798987385071103,0.72617287267345,0.7267057624870098,0.7642999629112647,0.7676572384802115,29.41166653836789,29.036676586929204,30.764989626520517,27.662572802794404,31.961560252234353,22.94057712003392,29.23759126034912,26.537853008779784,27.103816284487984,23.512053445467995,29.46000252116457,31.00190005255442,31.388951699208455,28.23796057478957,27.962555758706447,24.30896885913609,28.548119231522286,29.418269456840264,22.35899710140011,23.639747714400766,25.08091616421682,29.29217022681151,24.09515410863758,24.781998864488106,22.859401377281056,27.453112963910872,24.951626579548357,23.9598728286182,31.407430867642322,29.00847657426127,23.016884169493466,26.7187598284439,29.598862628276226,25.6387741094378,29.802181841685663,28.611349703041057,32.53735325678173,28.123080892500205,28.116568086018685,24.61877236466868,24.854190268425093,23.817052261254794,27.160884274850027,29.479823333639743,30.101491070726937,24.893345495228758,23.52208415040352,26.990631540696405,24.705946724086054,24.846562590963842,27.500014754907756,28.76840738479895,25.554973113366056,25.56116670763909,27.367099027674737,30.612915298365944,24.598355171288954,25.40428732611371,27.194212168906184,29.272378348781896,30.33990075827956,32.61072122960329,23.793678097664085,28.40915329603446,24.450788443314178,30.730847547583764,26.23245183619214,27.84689678204955,25.67455651995461,28.596513640432736,26.52429242552081,30.899582901612842,29.68506386386628,23.272213840416562,29.91612426178824,23.914472351241933,27.984539238463324,25.74040627473259,27.60925711245491,24.35604354698362,24.85794861518368,28.47982870902122,24.140276536043377,27.861511299947598,31.328307217950556,23.953823937938854,24.399371284891675,24.314650871768052,29.687590857617483,27.397406062910395,25.760803116298522,29.652580890623348,29.37636839839264,28.438930612416122,24.902577677326864,23.55321821418834,29.427721653670535,29.424914237063522,25.34061972546774,24.65997432953346
100,0.5,40,3,False,"('Poly', PolynomialFeatures(include_bias=False))","('StandardScaler', StandardScaler())","('Linear or Poly Fit', LinearRegression())",0.729085164663259,0.03481127199101918,29.042442485283942,3.6723630767560995,0.6762201003837516,0.7154386755867946,0.6997822097140312,0.7468098478502211,0.7556340678121669,0.7497430266218539,0.7600070878738671,0.7589793161836041,0.7542362400011313,0.7564653134449171,0.7126441969284517,0.6033870614686798,0.7183450330080845,0.7247378438282683,0.7483312064803631,0.7446069843055754,0.7115766382516091,0.7564857308345854,0.7331202314275904,0.754742933223714,0.758546259871818,0.6874043434571874,0.7462019479036308,0.6686237765866753,0.6522853094309295,0.7526775502721457,0.7565642620524347,0.7240965225981176,0.6927820584506238,0.7483181146172653,0.6822679677523925,0.7161540217928433,0.6820669014896544,0.7051921452093345,0.7143124472605892,0.7330068715814424,0.7623652038687743,0.7588810676158825,0.7274910698440449,0.679516437476589,0.7048749565302941,0.7206043733511517,0.7599122043758301,0.7549410104381326,0.7679763081565318,0.7307604574822268,0.7445544881455604,0.7518359611672523,0.7120068826802743,0.7634897993014781,0.7499658281151214,0.7370941133818263,0.6545399878739451,0.7602035368844394,0.7566696913474392,0.704647406078094,0.718209809814814,0.7546650294706959,0.7549327624145388,0.7641047910657742,0.7347820652434718,0.742733125006773,0.7327229220209541,0.6007438505992939,0.66425342718637,0.7481247199615559,0.757868120171793,0.7260336755709684,0.7379693129060338,0.7424297690158604,0.7530195861488584,0.7579253853316752,0.7222444489317377,0.69909895518447,0.7451316387383619,0.7067257926188097,0.7583557507089658,0.7517974991921128,0.6454742752856092,0.7398878052779035,0.7610944367137561,0.7571475131623691,0.7102863205726564,0.7533244443666085,0.7378970924866495,0.7021069403889453,0.7514481480171598,0.7465970944920097,0.7530597659953355,0.7518782400821075,0.7462265758570132,0.7461489183343408,0.749179614445724,0.7643908102686172,0.6739716784876206,0.756466195633589,0.7403983788189141,0.6565262012598322,0.7277926558560052,0.759215893548011,34.08078142782387,30.676977330540367,32.089381798597074,26.97779291796129,26.432429266182858,27.057210400657635,25.626465028327782,25.838835997207706,26.254714308932172,26.074816992589643,30.458110946048173,41.80680180307672,30.592641935547736,29.804066024855604,26.714286918178132,27.638010052387568,31.073068745924278,25.997976421913854,28.830296955135434,26.442759772407317,25.51955586931277,34.22857612687518,27.374954423437416,35.40770250797377,37.01833005540051,26.245974671056164,26.76527406324587,29.667040231651047,32.808858040137025,26.688430523949503,34.046987998974224,30.6569562197589,33.517162598260434,31.726784775706736,30.43724796111463,28.7959420200854,25.506357040241085,25.888434573712633,28.999077880161003,34.87863155356887,31.40427538107613,30.050847643313315,25.78139796483175,26.522454166971954,25.392484312492616,28.873586587308843,27.34015972357104,26.536143539069826,30.154607650579404,25.601607468804154,26.698794858543476,28.24005579355269,36.59817468055634,26.01602721928412,26.32944942720239,31.62788592000054,30.920598379001785,26.43225550399607,26.309118583140677,25.157190013102507,28.745150536164775,27.473374113557625,28.59331113740783,43.0091187721669,35.15506486942422,27.09074630911093,26.00440774214664,29.000665137308584,28.09477291945418,27.344933854723003,27.03382745000161,25.964616348697685,29.471141048984567,32.20821440678055,27.056506198701754,31.8516497608303,26.065226289161252,26.43205197317858,37.682105542974476,27.792570111584464,25.485906441126133,26.019899303327012,31.100403702413825,26.33254713240649,28.13859198250773,31.513481529045613,26.351448446330085,27.08335644346641,26.56960788429962,26.943815561512114,27.25832998257998,27.078064227430684,26.898621291696873,25.586681293611658,35.41905482759892,26.060754026886098,27.898931430004804,36.98097392239185,29.26559910483004,25.555906477249938
100,0.5,40,3,False,"('Poly', PolynomialFeatures(include_bias=False))","('StandardScaler', StandardScaler())","('FFNN (relu) (N,N,)', MLPRegressor(hidden_layer_sizes=(3, 3), max_iter=800))",0.7812770450785294,0.15963305249589593,23.466946546242202,17.204013746009853,0.8158331318254518,-4.9879646838668634e-05,-1.3515116250584214e-06,0.8123791343003907,0.8182963187248474,0.8220907415910923,0.8167101324388476,0.7943460375186895,0.8055384632673337,0.8216833278238939,0.7948610305698126,0.8076381262739093,-0.00016918272639498966,0.8177514071777492,0.8211952629149942,0.8226851383579741,0.813519421991088,0.8129670458724565,0.8091941630719768,0.8168778215842065,0.8122585880086981,0.8183611111960577,0.8111556679462115,0.8139597957918907,0.8101972667313645,0.8108913669551888,0.8214813536505066,0.8137095627038426,0.8201191746300043,0.8093331393995756,0.8160720612971727,0.8153765811899975,0.813252092912235,0.8181390035687677,0.8095465900992788,0.8195547646641115,0.8143284458187666,0.8198037717276033,0.8113336156094642,0.8100414402082544,0.8133072201123529,0.8154046032042614,0.8231579523383805,0.8007225622559031,0.8213290629403098,0.8181168507779143,0.8211254011050668,0.8156890444899686,0.8088551480351303,0.8195019195679247,0.8138125757644455,0.825363990136644,0.810593568084273,0.8144477169034767,0.8167668706184479,0.8117899062086421,0.8156435679738392,0.8147155399441612,0.8173098953252071,0.8194223695724396,0.8154941494420512,0.8212004642353548,0.8161296004059602,0.7993750111647124,0.808099827142122,0.8154238497477523,0.8127565556683205,0.8086708454375878,0.8204577185216702,0.8003920764491925,0.8083103454179127,0.8140163262473382,0.8099779347310873,0.8231735068401197,0.8162311337493975,0.7973088405095102,0.8150319305772307,0.820234918214284,0.8159020662198431,0.814238340544142,0.8200313822824117,0.8095747314775987,-2.817952778899624e-06,0.8145886105701522,0.8104793153249594,0.8159990090834466,0.7960210797651182,0.8157801381497967,0.8155338922345656,0.784947209455451,0.8125240177540993,0.8198986192037268,0.8209790889526251,0.8089499442487751,0.8173231826711536,0.818293459554982,0.8122148564306735,0.8184557570687641,0.8148169086430477,0.8195332307811498,19.385239132950336,107.80982816480042,106.88715394648408,19.991286465748537,19.654416062459777,19.23514127105298,19.571708762107388,22.047315295057693,20.774145427363152,19.092042531969764,21.74358556004841,20.276783604476563,108.63581781959587,19.733003508199683,18.979870257317156,19.1885824096442,20.090341451971337,19.967940064431236,20.612236621883653,19.743593269284503,19.842630931093584,19.88908163915979,20.36897029112738,19.878481736775534,20.206739652145373,20.06829706900312,19.62776926357885,20.0312295810131,19.21009051080549,20.21837707793596,19.709036817575644,19.94036379641666,19.68734930736309,19.571611132838683,20.2909703506602,19.4615141045396,19.928920470669695,19.34729147949318,20.076961041894794,20.67343037894148,19.865991046781915,19.85445588859424,18.989866585375786,21.567569173972643,19.553602178898597,19.505377288663443,19.144826889986252,19.70834289384519,20.014013074589332,19.538442699074288,19.8812018670569,18.75854027288136,20.065794701423464,20.130961003011603,19.82666047708906,20.154511922111695,20.22927480023517,19.962446358746494,19.612640494955542,19.257812743660285,19.997322028618253,19.09389437533242,19.670461770627647,21.611950088767458,20.093319102968824,19.852308096422885,20.109515842769657,20.25311962713944,19.250415604052954,21.1913676728874,20.98184615175957,19.948373119278124,20.16221481954525,18.927370650986184,19.508672807503196,22.013691143716116,19.951786975766662,19.143884405905034,19.567544150811827,19.848334869447903,19.198646069174018,20.40269949994234,107.34906064275938,19.79261438576663,20.34637947709465,19.465078629712774,21.625829611917997,19.689167227397377,19.847685700249112,23.352819705689114,20.137184203290406,19.211250646052182,19.198661539876575,20.747649500456692,19.84563849756227,19.444567327866064,20.180940396977594,19.546419372381873,19.90943385340415,19.154054411510707
100,0.5,40,3,False,"('Poly', PolynomialFeatures(include_bias=False))","('RangeScaler', StandardScaler(with_mean=False))","('Linear or Poly Fit', LinearRegression())",0.7290851646630694,0.03481127199064587,29.042442485303777,3.6723630767098703,0.676220100383535,0.7154386755858317,0.699782209713697,0.7468098478493845,0.7556340678116673,0.7497430266217399,0.7600070878738967,0.7589793161835051,0.75423624000188,0.756465313444849,0.7126441969277311,0.6033870614666329,0.7183450330063932,0.7247378438294644,0.748331206480664,0.7446069843057461,0.7115766382574772,0.7564857308345609,0.73312023142901,0.7547429332236422,0.7585462598736785,0.6874043434571419,0.7462019479004169,0.668623776584472,0.6522853094329472,0.7526775502719768,0.7565642620524219,0.724096522600477,0.692782058445251,0.7483181146173057,0.6822679677447097,0.7161540217927126,0.6820669014877337,0.705192145208734,0.7143124472597748,0.7330068715824625,0.7623652038686006,0.7588810676161158,0.7274910698422197,0.6795164374771668,0.704874956522354,0.7206043733514038,0.7599122043752581,0.7549410104363774,0.7679763081564951,0.7307604574821587,0.7445544881454187,0.751835961167295,0.7120068826735109,0.7634897993017595,0.7499658281150456,0.7370941133827649,0.6545399878707969,0.7602035368847364,0.7566696913483069,0.704647406074145,0.7182098098151564,0.754665029470848,0.7549327624153134,0.7641047910656622,0.7347820652424113,0.7427331250076383,0.7327229220222963,0.6007438506257039,0.6642534271899744,0.7481247199611935,0.7578681201718286,0.7260336755703145,0.7379693129067328,0.742429769013973,0.7530195861490205,0.7579253853317429,0.7222444489306792,0.6990989551896887,0.7451316387393465,0.7067257926172572,0.7583557507089689,0.7517974991915393,0.6454742752796813,0.7398878052779273,0.761094436713808,0.7571475131623057,0.71028632056982,0.7533244443670186,0.7378970924868296,0.7021069403862656,0.75144814801666,0.7465970944923537,0.7530597659952112,0.7518782400826277,0.7462265758565456,0.7461489183344076,0.7491796144460509,0.7643908102686557,0.6739716784855936,0.7564661956342214,0.7403983788176657,0.6565262012566372,0.7277926558560888,0.7592158935478185,34.080781427846674,30.67697733064417,32.08938179863279,26.977792918050422,26.43242926623689,27.057210400669963,25.626465028324624,25.83883599721832,26.254714308852186,26.074816992596922,30.458110946124552,41.80680180329249,30.592641935731436,29.804066024726108,26.71428691814619,27.63801005236908,31.073068745292087,25.99797642191647,28.83029695498209,26.442759772415055,25.51955586911614,34.22857612688017,27.37495442378407,35.407702508209184,37.0183300551857,26.24597467107409,26.76527406324727,29.667040231397355,32.8088580407108,26.688430523945208,34.04698799979749,30.656956219773022,33.51716259846292,31.726784775771367,30.437247961201386,28.79594201997538,25.506357040259715,25.88843457368758,28.99907788035523,34.87863155350599,31.404275381921035,30.050847643286197,25.78139796489317,26.52245416716191,25.39248431249663,28.873586587316147,27.34015972358621,26.536143539065257,30.154607651287584,25.60160746877369,26.698794858551565,28.240055793451877,36.59817468088986,26.016027219251903,26.32944942710851,31.62788592042342,30.92059837896422,26.432255503979682,26.309118583057522,25.15719001311445,28.745150536279713,27.473374113465212,28.593311137264244,43.009118769321944,35.15506486904683,27.090746309149914,26.00440774214281,29.000665137377805,28.094772919379242,27.3449338549234,27.033827449983878,25.964616348690424,29.471141049096875,32.208214406221956,27.056506198597233,31.851649760998907,26.065226289160922,26.432051973239655,37.68210554360455,27.79257011158193,25.485906441120598,26.0198993033338,31.100403702718303,26.33254713236271,28.138591982488396,31.513481529329088,26.351448446383067,27.08335644342965,26.569607884313,26.943815561455626,27.258329982630208,27.07806422742357,26.898621291661822,25.586681293607477,35.41905482781915,26.06075402681842,27.89893143013898,36.98097392273585,29.26559910482105,25.55590647727037
100,0.5,40,3,False,"('Poly', PolynomialFeatures(include_bias=False))","('RangeScaler', StandardScaler(with_mean=False))","('FFNN (relu) (N,N,)', MLPRegressor(hidden_layer_sizes=(3, 3), max_iter=800))",0.7886271775684115,0.11329816978627937,22.655273137123572,12.050989907744965,0.8121688708734665,0.8188711402607434,0.8073480141398768,0.7785276333283733,0.8170034617976404,0.7823256259828563,0.7984733208833172,0.8040599943123488,-3.445041087135614e-05,0.7825475388477761,0.8169043532761294,0.8091414481492333,0.8060025903642726,0.8067065860900112,0.7919952923274972,0.8072835478381286,0.8190487960043844,0.8057893401142951,0.8090272390322479,0.8013861348836475,0.8101967976191111,0.7836300561226663,0.8142375977342167,0.8017978368679443,0.8127554056108484,0.7882335131834521,0.818877794797304,0.8163478470830181,0.8073245515144905,0.8070361696787579,0.803960353235472,0.7908286333073465,0.8208446295708358,0.8084199100763824,0.8138786368577482,0.8177550678241907,0.811012154760347,0.785630798436511,0.8063014787485405,0.7993829190135529,0.8218639601240408,0.802064598363688,0.8179613367211513,0.8063819496934206,0.8085889330046727,0.7967428466406125,0.8125938232121126,0.8174439790636943,0.8007000335825517,0.8113769152942929,0.8060738441143753,0.8136779930145417,0.7790944847416388,0.8015610828004033,0.8096395929300781,0.8003225590660019,0.8029039341928057,0.7806875524322842,0.8067312026582544,0.7984419030367554,0.8000690278507708,0.8117077205745469,0.7879044905109599,0.8153352070632205,0.8189452019908625,0.8013085714238446,0.8079435816473249,0.8006482739794817,0.8166692205286241,-0.00033121469192698427,0.7796983623452083,0.8044823264452047,0.8141934046403746,0.8194286953249302,0.8101578310977497,0.7746593137047887,0.8165619661368398,0.8018190226837516,0.813817297730255,0.8125922070409521,0.776227450878532,0.8164686323716505,0.8107286198944542,0.7927081805314052,0.8105145299925327,0.8043219451394195,0.8171009655118343,0.7997413591285278,0.7802969326106455,0.8013903492113157,0.8160401931126627,0.8159983858021395,0.8139422953378455,0.8107603671557405,0.8098016523713952,0.8064578880820813,0.7940240270384453,0.7743398953025555,0.808289008936535,0.8080734155781686,19.770935949667905,19.526497269387693,20.591994640406725,23.598214995279214,19.79426104401567,23.534454433418883,21.519037161999375,21.005921948640474,106.83275188639811,23.282240445243488,19.407116411237205,20.11831908256603,21.07150231644926,20.92888376108228,22.07940588653649,20.855305019316337,19.494638601149656,20.734243516395907,20.63026897278113,21.413852786275044,20.060544205122568,23.692060144024133,20.036549743428136,21.17799266443847,19.934395595547404,22.472759166349558,19.91402536892014,19.747543091967792,20.57647221155158,20.461948508261333,21.00688260324212,22.59167972583989,18.88692844237002,20.61756558227774,19.829432631909985,19.65561635040282,20.284872145939925,23.016372021979635,20.612456626021306,21.833410724669026,18.955467776604394,21.289261643549626,19.547895846920458,20.95506014423636,20.947871647501106,21.797552328795753,20.05795588017329,19.520688002471324,20.867902497196837,20.417953052038023,20.70754815097873,20.013792541959504,23.402820446766405,21.529059287009016,20.597864436384995,21.382494864182505,21.62718400133273,23.62860311683202,20.748312821340686,21.49528753420981,21.669145024250287,20.10761873438309,22.68998501301562,19.892667963604605,18.95773087299653,21.370493700413512,20.626418197730633,21.10234775355807,19.65661608385503,106.20012566688983,24.11363867461141,20.9709778540626,19.71493408003692,19.328212370456267,20.153407014713054,24.47358968533877,19.78674798473467,21.105064918636565,19.789131643004698,20.02422158959693,23.871550635130887,19.664067545185905,20.318047605590284,22.128344222447026,20.34259893466555,20.70037071538286,19.390941728051136,21.403370023455363,23.63901684568235,21.567241024557752,19.75950451313366,19.62728499917441,19.953305330625508,20.55104123581307,20.662762276376288,20.711101629850795,22.135876963088936,24.296265036080268,20.61126244075585,20.370355478426635
100,0.5,40,3,False,"('Poly', PolynomialFeatures(include_bias=False))","('ScaleControl', None)","('Linear or Poly Fit', LinearRegression())",0.7290851646645649,0.03481127198755419,29.042442485144203,3.6723630763831605,0.6762201003871559,0.7154386756009297,0.6997822097145562,0.7468098478493641,0.7556340678130069,0.7497430266204261,0.7600070878748844,0.7589793161846675,0.7542362400001849,0.7564653134440003,0.7126441969251377,0.6033870614655454,0.7183450330083629,0.7247378438302987,0.7483312064853187,0.7446069843067171,0.7115766382305442,0.7564857308341415,0.7331202314373603,0.75474293322488,0.7585462598712491,0.6874043434768701,0.7462019479078488,0.6686237765875847,0.6522853094364756,0.7526775502727292,0.7565642620534053,0.7240965226083571,0.6927820584775309,0.7483181146182774,0.6822679677625179,0.716154021798793,0.6820669014946832,0.7051921451957481,0.7143124472675105,0.7330068715798015,0.7623652038689885,0.7588810676150147,0.7274910698458479,0.679516437474194,0.7048749564821487,0.720604373355195,0.7599122043765959,0.7549410104357319,0.7679763081565035,0.7307604574808413,0.7445544881461297,0.7518359611672788,0.7120068826674992,0.7634897993017133,0.7499658281137096,0.7370941133810929,0.654539987889175,0.7602035368879614,0.756669691351745,0.7046474060730052,0.7182098098115022,0.7546650294699503,0.7549327624159073,0.764104791063876,0.7347820652428863,0.7427331250044644,0.7327229220199485,0.6007438506487461,0.664253427224505,0.7481247199612372,0.7578681201699232,0.7260336755647541,0.7379693129030953,0.7424297690185235,0.7530195861490521,0.7579253853318872,0.7222444489302169,0.699098955186477,0.745131638742683,0.7067257926336309,0.75835575071086,0.7517974991906679,0.645474275304506,0.7398878052810924,0.7610944367107477,0.7571475131656008,0.7102863205591081,0.7533244443644229,0.7378970924669135,0.7021069404143595,0.7514481480163644,0.7465970944900423,0.7530597659952387,0.7518782400846332,0.7462265758567722,0.7461489183346358,0.7491796144430862,0.7643908102687892,0.6739716784883593,0.7564661956339696,0.7403983788193083,0.6565262012460289,0.7277926558526908,0.7592158935477851,34.080781427465546,30.676977329016555,32.08938179854096,26.977792918052597,26.432429266091994,27.057210400811996,25.626465028219158,25.838835997093707,26.254714309033286,26.074816992687797,30.45811094639944,41.80680180340712,30.592641935517506,29.804066024635773,26.71428691765211,27.638010052264008,31.0730687481937,25.997976421961248,28.830296954080026,26.442759772281608,25.519555869372898,34.22857612471997,27.374954422982473,35.4077025078766,37.018330054810065,26.245974670994237,26.76527406313914,29.66704023055003,32.80885803726352,26.688430523842182,34.04698799788924,30.656956219116303,33.517162597730284,31.72678477716887,30.437247960377228,28.795942020262373,25.506357040218088,25.888434573805807,28.999077879969132,34.87863155382953,31.404275386199284,30.050847642878423,25.781397964749516,26.52245416723178,25.39248431249571,28.87358658745743,27.340159723510116,26.536143539066995,30.154607651917043,25.601607468778695,26.698794858694235,28.240055793631466,36.598174678942875,26.016027218902007,26.329449426736485,31.627885920545463,30.92059837936518,26.4322555040764,26.309118582993754,25.15719001330495,28.74515053622823,27.473374113804148,28.593311137515407,43.00911876683976,35.15506486543123,27.090746309145207,26.004407742347443,29.000665137966397,28.094772919769248,27.34493385444028,27.03382744998043,25.964616348674937,29.47114104914593,32.208214406565716,27.056506198243042,31.851649759220606,26.06522628895693,26.432051973332452,37.682105540965956,27.792570111243737,25.485906441447057,26.019899302980754,31.10040370386821,26.3325471326398,28.13859198462652,31.51348152635709,26.351448446414405,27.08335644367668,26.569607884310024,26.94381556123784,27.25832998260588,27.078064227399217,26.898621291979758,25.586681293592985,35.419054827518686,26.060754026845366,27.89893142996245,36.980973923878004,29.26559910518637,25.55590647727391
100,0.5,40,3,False,"('Poly', PolynomialFeatures(include_bias=False))","('ScaleControl', None)","('FFNN (relu) (N,N,)', MLPRegressor(hidden_layer_sizes=(3, 3), max_iter=800))",0.5460856945410728,0.293307917964353,48.676201231299316,31.478869294557807,-0.027109713915329348,0.7616202935099565,0.7409621586401667,0.7228313586267532,0.6335018574688311,0.7517341990171273,0.7853065966412074,0.570259568826601,0.7906507244880648,0.78818878732835,0.7307681889182593,0.3611651783695261,0.64289653444249,0.01698704828361386,-0.0007965743444906526,0.7779001757284502,-0.36270443867102253,0.012927066801721399,0.005200990090122204,0.5097573226101124,0.7938259087259697,-0.0004736538361136411,0.012941245433885196,0.7787580265961946,0.5145151404008472,0.5731820507526022,0.7858148887497696,0.739155513488372,0.6388579773463838,-0.025052795487955803,0.768104596741052,0.7842665590725566,0.7778740855190167,0.7747320026048018,0.7060888230636619,0.7020722361948626,0.7553534431956602,0.31926709509608053,0.6854969816650656,0.12693637812438674,-0.15189289440461717,0.5506422979283065,0.7812364212544246,0.7340363206835794,0.5085172446871821,0.5026421926990496,0.5299618006161875,-0.00011667336733744982,0.2087459884037416,0.6640471846067699,0.7862492133749267,0.5531080199491103,0.5456669448285624,-9.583264810708592e-05,0.7807791950943708,0.7068308549630953,0.7528304838334083,-0.0025033931416946764,0.7405357008739617,0.7639892596218756,0.6828972102664277,0.6156157373651894,0.6613258920375547,0.006697106991244484,0.7438900359028853,0.1331131293488489,0.5173468428887649,0.49065915728085796,-4.580290834832468e-06,0.7507561651750678,0.562280820802213,-5.65765191971046e-05,0.747320042825262,0.5372540629854576,0.7778664283557858,0.7688160420403067,0.792061134929639,0.7736288888035039,0.7753195843750801,0.7368854359881243,0.7452276211238155,0.782549088980097,0.7865495006547996,0.6598980132742047,0.6064847524725128,0.6837324475365862,0.474195931731605,0.7573476078659331,0.6693289265185552,0.7278711110015484,0.6580077323290086,0.7416111059610138,0.7858332710632063,0.602083459818537,0.7638029895363225,0.6806667009120372,0.12763224529112194,0.7772102756992485,0.7122042376764621,0.41368571694408196,108.11264597904766,25.698393367881636,27.687780207036592,29.532737141754033,39.643153781338995,26.841929404825056,22.92498117650731,46.07070375303372,22.36458873909274,22.678242206547342,28.537068973308184,67.33930786955406,38.787664824166534,106.43592756704614,106.23314261520638,24.03510197473505,146.80991320023358,105.3814995398342,107.46543666383226,52.85625209008661,21.790804475752658,109.5497903009803,106.4653104951425,23.639807032226532,51.68558952780646,45.29412148968256,23.549225973197164,28.047793918425004,38.567595674310965,108.6969380977039,24.849052693629194,23.300420514761495,23.416971771198416,24.243008298699557,31.31339564910723,32.13232738805623,26.25895924379382,73.08886571670676,33.46788494975551,95.01661848257649,122.57299902473603,48.33139302956051,23.491535124423038,28.784944830469655,53.78747340405576,53.33727571992916,50.307869392733735,106.9423262335726,82.84904338579457,36.3660090868582,22.824433796124122,48.00293600370061,48.13222929618786,108.50251945345478,23.720691138377113,31.394070901381703,27.121701205768773,108.0091671153713,27.854710735938035,25.169510935175403,34.368593642421374,41.04816312247024,36.23136789872212,107.0016884305377,26.816542983858778,93.23905183519759,51.835840470325316,53.91620028934885,107.21989059094462,26.460962320622208,47.911591763391236,107.26480086270121,26.810505242856284,49.53196611320546,23.58142190886394,25.10821024804155,22.429557451799973,24.10714217985766,23.881006496321923,28.11336844661143,27.178542527458383,23.298302940325755,22.913646028862694,36.305792733642825,42.246631653666334,33.45728056170663,55.7457073335419,25.934356257093086,35.578652448010786,29.55077618569134,36.73409899065796,27.562108550152214,22.967789170014303,43.2129311538631,25.659963603530972,34.172120711440975,93.75183428994504,23.98721828204314,30.941543589559387,62.22916123843319
